freq,mot_nrg,regisveh,vehicle,unit,geo\TIME_PERIOD	2013 	2014 	2015 	2016 	2017 	2018 	2019 	2020 	2021 	2022 
A,DIE,TERNAT_REG,CAR,MIO_VKM,AT	38765 	40133 	46216 	48404 	49239 	: 	: 	: 	: 	: 
A,DIE,TERNAT_REG,CAR,MIO_VKM,EE	3741 e	: 	: 	: 	: 	: 	: 	: 	: 	: 
A,DIE,TERNAT_REG,CAR,MIO_VKM,FI	: 	: 	: 	: 	16664 	16809 	16794 	15547 	15490 	: 
A,DIE,TERNAT_REG,CAR,MIO_VKM,IE	14972 	16519 	19688 	22021 	23600 	23982 	24470 	18317 	21183 	24208 
A,DIE,TERNAT_REG,CAR,MIO_VKM,NL	32183 	31814 	32094 	32469 	31940 	30854 	28420 	20848 	18648 	17451 
A,DIE,TERNAT_REG,CAR,MIO_VKM,NO	18889 e	19478 e	20097 e	20425 e	20444 e	20137 e	19175 e	: 	16744 	15325 
A,DIE,TERNAT_REG,CAR,MIO_VKM,UA	: 	: 	: 	: 	800 	924 	1138 	1178 	: 	: 
A,DIE,TERNAT_REG,LOR_GT3P5-6,MIO_VKM,EE	1113 e	: 	: 	: 	: 	: 	: 	: 	: 	: 
A,DIE,TERNAT_REG,LOR_GT3P5-6,MIO_VKM,NO	162 e	141 e	124 e	96 e	78 e	65 e	59 e	: 	51 	49 
A,DIE,TERNAT_REG,LOR_GT6,MIO_VKM,AT	4623 	4746 	4873 	4971 	5271 	: 	: 	: 	: 	: 
A,DIE,TERNAT_REG,LOR_GT6,MIO_VKM,NO	2046 e	1449 e	1426 e	1409 e	1423 e	1433 e	1451 e	: 	1394 	1413 
A,DIE,TERNAT_REG,LOR_LE3P5,MIO_VKM,AT	6501 	6704 	6779 	6974 	7113 	: 	: 	: 	: 	: 
A,DIE,TERNAT_REG,LOR_LE3P5,MIO_VKM,FI	: 	: 	: 	: 	: 	5601 	5626 	5587 	5689 	: 
A,DIE,TERNAT_REG,LOR_LE3P5,MIO_VKM,NL	15877 	15864 	16117 	16703 	17181 	17451 	17867 	17503 	18144 	18335 
A,DIE,TERNAT_REG,LOR_LE3P5,MIO_VKM,NO	6727 e	6721 e	6707 e	6764 e	6876 e	6981 e	6998 e	: 	7036 	6981 
A,DIE,TERNAT_REGNAT,CAR,MIO_VKM,DK	14324 	15413 	16465 	17199 	17546 	17902 	18211 	16926 	18110 	19054 
A,DIE,TERNAT_REGNAT,CAR,MIO_VKM,FR	327792 	334084 	338605 	341392 	348830.095 	339062.267 	330369.182 	259523.865 	270220.272 	286917.918 
A,DIE,TERNAT_REGNAT,CAR,MIO_VKM,IE	14972 	16519 	19688 	22021 	23600 	23982 	24470 	18317 	21183 	24208 
A,DIE,TERNAT_REGNAT,CAR,MIO_VKM,LT	9422.100 	7694.100 	8100.500 	9704.700 	11204 	12058.600 	: 	: 	: 	: 
A,DIE,TERNAT_REGNAT,CAR,MIO_VKM,LV	4152.600 	5283.300 	5884 	6312.200 	7029.100 	7375.400 	7544.800 	7507.500 	6866 	6653.400 
A,DIE,TERNAT_REGNAT,CAR,MIO_VKM,MT	777.550 e	998.350 e	943.670 e	985.400 e	914.310 e	990.600 	991.130 e	689 	921.510 	924.840 
A,DIE,TERNAT_REGNAT,CAR,MIO_VKM,NL	30709 	30282 	30531 	30867 	30351 	29287 	26962 	20095 	18040 	16606 
A,DIE,TERNAT_REGNAT,CAR,MIO_VKM,NO	18700 e	19283 u	19896 e	20221 e	20240 e	19936 e	18983 e	: 	16577 	15172 
A,DIE,TERNAT_REGNAT,CAR,MIO_VKM,SI	: 	: 	9749 p	9565 	10221 	10662 p	11001 	8999 	9269 b	9946 p
A,DIE,TERNAT_REGNAT,CAR,MIO_VKM,UA	: 	: 	: 	695 	: 	: 	: 	: 	: 	: 
A,DIE,TERNAT_REGNAT,LOR_GT3P5-6,MIO_VKM,LT	36.300 	14.700 	23.500 	20.900 	20.400 	15.500 	19.700 	36.500 	23.500 	16 
A,DIE,TERNAT_REGNAT,LOR_GT3P5-6,MIO_VKM,LV	88.700 	83.900 	76.400 	20.500 	23.200 	21 	19.800 	22.300 	14.600 	12.900 
A,DIE,TERNAT_REGNAT,LOR_GT3P5-6,MIO_VKM,MT	63.950 e	66.810 e	58.200 e	69.530 e	54.230 e	59.660 e	59.340 e	57.100 	60 	60.930 
A,DIE,TERNAT_REGNAT,LOR_GT3P5-6,MIO_VKM,NO	152 e	133 e	117 e	90 e	73 e	61 e	55 e	: 	48 	46 
A,DIE,TERNAT_REGNAT,LOR_GT3P5-6,MIO_VKM,PT	19 	16 	14.770 	8.700 	7.970 	15.640 	17.080 	: 	: 	: 
A,DIE,TERNAT_REGNAT,LOR_GT6,MIO_VKM,LT	253.800 	269.400 	238.300 	238.200 	251.800 	257.500 	284.400 	293.500 	262.700 	202.200 
A,DIE,TERNAT_REGNAT,LOR_GT6,MIO_VKM,LV	1401.800 	434 	404.800 	422.800 	440.200 	457.600 	449.500 	472.800 	407.400 	376.600 
A,DIE,TERNAT_REGNAT,LOR_GT6,MIO_VKM,MT	53.370 e	60.560 e	46.420 e	63.790 e	40.660 e	57.270 e	57.140 e	53.100 	53.360 	50.330 
A,DIE,TERNAT_REGNAT,LOR_GT6,MIO_VKM,NO	1923 e	1362 e	1340 e	1324 e	1338 e	1347 e	1364 e	: 	1310 	1328 
A,DIE,TERNAT_REGNAT,LOR_GT6,MIO_VKM,PT	669 	643 	668.340 	573.210 	541.180 	501.050 	493.570 	: 	: 	: 
A,DIE,TERNAT_REGNAT,LOR_LE3P5,MIO_VKM,DK	6616 	6569 	6602 	6655 	6745 	6715 	6605 	6294 	6579 	6759 
A,DIE,TERNAT_REGNAT,LOR_LE3P5,MIO_VKM,LT	323.800 	318.300 	265.500 	290.800 	240.500 	252.500 	223.100 	185.600 	207.600 	156.200 
A,DIE,TERNAT_REGNAT,LOR_LE3P5,MIO_VKM,LV	971.100 	1100.300 	1157.900 	1186.500 	1227.900 	1235.700 	1294 	1341.900 	1160.600 	1150.600 
A,DIE,TERNAT_REGNAT,LOR_LE3P5,MIO_VKM,MT	306.640 e	364.410 e	388.850 e	391.270 e	337.600 e	371.610 e	367.350 e	324.200 	358.590 	348.430 
A,DIE,TERNAT_REGNAT,LOR_LE3P5,MIO_VKM,NL	15242 	15230 	15473 	15985 	16442 	16735 	17117 	16786 	17418 	17602 
A,DIE,TERNAT_REGNAT,LOR_LE3P5,MIO_VKM,NO	6660 e	6654 e	6640 e	6696 e	6807 e	6911 e	6928 e	: 	6966 	6911 
A,DIE,TERNAT_REGNAT,LOR_LE3P5,MIO_VKM,SI	: 	: 	1010 p	1222 	1240 	1304 p	1518 	1351 	1664 b	1721 p
A,DIE,TER_REGNAT,CAR,MIO_VKM,BE	65086 	64408 	64513 	63000 	60818 	: 	: 	: 	: 	: 
A,DIE,TER_REGNAT,CAR,MIO_VKM,CZ	: 	: 	: 	: 	: 	: 	: 	: 	: 	35117.102 e
A,DIE,TER_REGNAT,CAR,MIO_VKM,DE	274368 e	282462 e	292275 e	301030 e	303234 e	297628 e	292095 e	284111 e	268216 e	251848 e
A,DIE,TER_REGNAT,CAR,MIO_VKM,FI	: 	: 	: 	: 	: 	16809 	16794 	15547 	15490 	: 
A,DIE,TER_REGNAT,CAR,MIO_VKM,FR	349778.057 	355183.401 	359522.237 	362070.247 	356702.071 	346711.793 	336890.516 	264938.878 	276703.585 	294878.292 
A,DIE,TER_REGNAT,CAR,MIO_VKM,HR	: 	9362 	10702 	12166 	13090 	14118 	13915 	13578 	14341 	: 
A,DIE,TER_REGNAT,CAR,MIO_VKM,IE	14972 	26298 	19688 	22021 	23600 	23982 	24470 	18317 	21183 	24207 
A,DIE,TER_REGNAT,CAR,MIO_VKM,IS	: 	: 	: 	: 	496 	542 	553 	683 	: 	: 
A,DIE,TER_REGNAT,CAR,MIO_VKM,LT	9920.400 	7954.300 	8100.500 	9704.700 	11204 	12058.600 	: 	: 	: 	: 
A,DIE,TER_REGNAT,CAR,MIO_VKM,LV	4152.600 	5283.300 	5884 	6312.200 	7029.140 	7375.500 	7545.100 	7508.200 	6867.300 	6655.400 
A,DIE,TER_REGNAT,CAR,MIO_VKM,MT	773.440 e	1068.270 e	779.850 e	1096.500 e	1152.070 e	1094.100 e	991.710 e	689.200 	922.490 	926.200 
A,DIE,TER_REGNAT,CAR,MIO_VKM,NL	35491 	35156 	35400 	35790 	35191 	33958 	31584 	22636 	20307 	20438 
A,DIE,TER_REGNAT,CAR,MIO_VKM,NO	18889 e	19478 e	20097 e	20478 e	20413 e	20263 e	19326 e	: 	16972 	15582 
A,DIE,TER_REGNAT,CAR,MIO_VKM,SE	21041 	23687 	26476 	29238 	31351 	32804 	32198 	29788.526 	29122.257 	28362.984 
A,DIE,TER_REGNAT,CAR,MIO_VKM,SI	: 	: 	9831 p	9654 	10317 	10765 p	11107 	9098 	9843 	10604 p
A,DIE,TER_REGNAT,CAR,MIO_VKM,TR	: 	: 	: 	: 	: 	81604 	80710 	80576.548 	89362.438 	: 
A,DIE,TER_REGNAT,LOR_GT3P5-6,MIO_VKM,CZ	: 	: 	: 	: 	: 	: 	: 	: 	: 	1214.477 e
A,DIE,TER_REGNAT,LOR_GT3P5-6,MIO_VKM,FR	64.961 	64.878 	65.072 	61.682 	64.194 	62.069 	58.208 	50.381 	55.509 	53.479 
A,DIE,TER_REGNAT,LOR_GT3P5-6,MIO_VKM,LT	37 	15.400 	23.500 	24.500 	20.900 	15.500 	19.900 	36.500 	23.500 	39.200 
A,DIE,TER_REGNAT,LOR_GT3P5-6,MIO_VKM,LV	88.700 	83.900 	76.400 	20.500 	23.200 	21 	19.800 	22.300 	14.600 	12.900 
A,DIE,TER_REGNAT,LOR_GT3P5-6,MIO_VKM,MT	63.800 e	66.290 e	40.980 	71.350 e	65.660 e	61.180 e	59.380 e	57.100 	60 	60.927 
A,DIE,TER_REGNAT,LOR_GT3P5-6,MIO_VKM,NO	162 e	142 e	125 e	96 e	79 e	65 e	59 e	: 	50 	49 
A,DIE,TER_REGNAT,LOR_GT3P5-6,MIO_VKM,PT	20 	16 	14.820 	8.700 	7.970 	16.410 	17.080 	: 	: 	: 
A,DIE,TER_REGNAT,LOR_GT3P5-6,MIO_VKM,SE	73 	70 	70 	67 	61 	60 	57 	57.088 	57.872 	58.373 
A,DIE,TER_REGNAT,LOR_GT6,MIO_VKM,CZ	: 	: 	: 	: 	: 	: 	: 	: 	: 	6046.935 e
A,DIE,TER_REGNAT,LOR_GT6,MIO_VKM,FR	8659.888 	8486.362 	8358.852 	8410.319 	8385.385 	8370.183 	8400.366 	7591.181 	8106.039 	8101.262 
A,DIE,TER_REGNAT,LOR_GT6,MIO_VKM,LT	583.500 	627.200 	541 	600.600 	726.500 	776.900 	898.300 	898 	912.300 	745.900 
A,DIE,TER_REGNAT,LOR_GT6,MIO_VKM,LV	1401.800 	434 	404.800 	422.800 	440.200 	457.600 	449.500 	472.800 	407.300 	376.600 
A,DIE,TER_REGNAT,LOR_GT6,MIO_VKM,MT	52.370 e	57.350 e	24.720 	68.430 e	65.230 e	62.270 e	57.140 e	53.100 	53.360 	50.326 
A,DIE,TER_REGNAT,LOR_GT6,MIO_VKM,NO	2046 e	2066 e	2060 e	1408 e	1433 e	1433 e	1451 e	: 	1396 	1413 
A,DIE,TER_REGNAT,LOR_GT6,MIO_VKM,PT	736 	710 	737.320 	628.390 	591.620 	550.470 	540.500 	: 	: 	: 
A,DIE,TER_REGNAT,LOR_GT6,MIO_VKM,SE	3922 	3912 	3924 	3969 	4060 	4103 	4067 	3284.738 	3399.227 	3434.167 
A,DIE,TER_REGNAT,LOR_LE3P5,MIO_VKM,BE	10466 	10799 	11105 	11573 	11971 	: 	: 	: 	: 	: 
A,DIE,TER_REGNAT,LOR_LE3P5,MIO_VKM,CZ	: 	: 	: 	: 	: 	: 	: 	: 	: 	8735.865 e
A,DIE,TER_REGNAT,LOR_LE3P5,MIO_VKM,DE	36848 e	39120 e	41475 e	43641 e	45854 e	47912 e	49609 e	51195 e	52709 e	54413 e
A,DIE,TER_REGNAT,LOR_LE3P5,MIO_VKM,FR	60956.334 	61656.267 	62316.469 	63526.056 	64169.318 	65706.411 	66939.933 	60545.765 	66719.255 	67501.978 
A,DIE,TER_REGNAT,LOR_LE3P5,MIO_VKM,IS	: 	: 	: 	: 	149 	127 	126 	160 	: 	: 
A,DIE,TER_REGNAT,LOR_LE3P5,MIO_VKM,LT	370.100 	353.800 	290.300 	335.700 	297.700 	297.900 	271.500 	220.300 	226.900 	177.400 
A,DIE,TER_REGNAT,LOR_LE3P5,MIO_VKM,LV	971.100 	1100.300 	1157.900 	1186.500 	1227.900 	1235.700 	1294 	1341.900 	1160.600 	1150.600 
A,DIE,TER_REGNAT,LOR_LE3P5,MIO_VKM,MT	303.810 e	364.810 e	300.490 	420.500 e	425.870 e	403.710 e	367.340 e	324.200 	358.590 	348.432 
A,DIE,TER_REGNAT,LOR_LE3P5,MIO_VKM,NL	15877 	15864 	16117 	16703 	17181 	17451 	17867 	17503 	18144 	17963 
A,DIE,TER_REGNAT,LOR_LE3P5,MIO_VKM,NO	6727 e	6721 e	6707 e	6764 e	6890 e	6981 e	6998 e	: 	7035 	6981 
A,DIE,TER_REGNAT,LOR_LE3P5,MIO_VKM,SE	7348 	7610 	7866 	8213 	8517 	8877 	8829 	8917.795 	9139.415 	9114.576 
A,DIE,TER_REGNAT,LOR_LE3P5,MIO_VKM,SI	: 	: 	1573 p	1571 	1691 	1801 p	1877 	1753 	1918 	1984 p
A,OTH,TERNAT_REG,CAR,MIO_VKM,AT	26 	44 	54 	94 	155 	: 	: 	: 	: 	: 
A,OTH,TERNAT_REG,CAR,MIO_VKM,FI	: 	: 	: 	: 	202 	388 	662 	1198 	1819 	: 
A,OTH,TERNAT_REG,CAR,MIO_VKM,IE	276 	278 	321 	377 	467 	610 	862 	850 	1400 	2326 
A,OTH,TERNAT_REG,CAR,MIO_VKM,NL	5498 	6128 	6582 	7356 	7711 	7839 	8533 	8022 	11036 	15680 
A,OTH,TERNAT_REG,CAR,MIO_VKM,NO	119 e	315 e	811 e	2251 e	3464 e	5131 e	6526 e	: 	10359 	12811 
A,OTH,TERNAT_REG,CAR,MIO_VKM,UA	: 	: 	: 	: 	410 	423 	456 	442 	: 	: 
A,OTH,TERNAT_REG,LOR_GT3P5-6,MIO_VKM,EE	90 e	: 	: 	: 	: 	: 	: 	: 	: 	: 
A,OTH,TERNAT_REG,LOR_GT3P5-6,MIO_VKM,NO	46 e	35 e	28 e	15 e	11 e	9 e	6 e	: 	3 	3 
A,OTH,TERNAT_REG,LOR_GT6,MIO_VKM,AT	: 	: 	: 	1 	: 	: 	: 	: 	: 	: 
A,OTH,TERNAT_REG,LOR_GT6,MIO_VKM,NO	6 e	6 e	7 e	9 e	9 e	10 e	11 e	: 	17 	23 
A,OTH,TERNAT_REG,LOR_LE3P5,MIO_VKM,AT	13 	13 	16 	22 	26 	: 	: 	: 	: 	: 
A,OTH,TERNAT_REG,LOR_LE3P5,MIO_VKM,FI	: 	: 	: 	: 	: 	12 	17 	21 	29 	: 
A,OTH,TERNAT_REG,LOR_LE3P5,MIO_VKM,NL	265 	269 	275 	285 	321 	343 	387 	409 	472 	562 
A,OTH,TERNAT_REG,LOR_LE3P5,MIO_VKM,NO	8 e	17 e	14 e	24 e	36 e	53 e	71 e	: 	142 	226 
A,OTH,TERNAT_REGNAT,CAR,MIO_VKM,FR	3855 	4457 	5267 	6239 	7628.700 	9019.100 	10920.600 	11494.500 	19798.400 	32536.300 
A,OTH,TERNAT_REGNAT,CAR,MIO_VKM,IE	276 	278 	321 	377 	468 	610 	862 	850 	1400 	2326 
A,OTH,TERNAT_REGNAT,CAR,MIO_VKM,LT	2325 	1405.700 	1719.300 	1230.700 	1631.800 	1464 	: 	: 	: 	: 
A,OTH,TERNAT_REGNAT,CAR,MIO_VKM,LV	619.500 	854.600 	896.400 	841.100 	827.700 	765.500 	714 	640.200 	676.800 	502.200 
A,OTH,TERNAT_REGNAT,CAR,MIO_VKM,MT	4.240 e	173.250 e	9.240 e	19.480 e	20.940 e	34.970 	36.250 e	31.800 	74.920 	81.330 
A,OTH,TERNAT_REGNAT,CAR,MIO_VKM,NL	5245 	5834 	6261 	6993 	7327 	7441 	8096 	7732 	10676 	14921 
A,OTH,TERNAT_REGNAT,CAR,MIO_VKM,NO	118 e	312 e	803 e	2228 e	3429 e	5080 e	6461 e	: 	10255 	12683 
A,OTH,TERNAT_REGNAT,CAR,MIO_VKM,SI	: 	: 	192 p	225 	261 	295 p	327 	310 	405 b	616 p
A,OTH,TERNAT_REGNAT,CAR,MIO_VKM,UA	: 	: 	: 	386 	: 	: 	: 	: 	: 	: 
A,OTH,TERNAT_REGNAT,LOR_GT3P5-6,MIO_VKM,LT	0.700 	2.100 	0 	3.500 	2.800 	0 	0.200 	0.500 	0 	0 
A,OTH,TERNAT_REGNAT,LOR_GT3P5-6,MIO_VKM,LV	16.200 	6.900 	6.500 	1.800 	1.900 	2.400 	1.600 	2.900 	1.100 	0.400 
A,OTH,TERNAT_REGNAT,LOR_GT3P5-6,MIO_VKM,MT	0.140 e	0.200 e	0.210 e	0.220 e	0.020 e	0.170 e	0.160 e	0.200 	0.090 	0.080 
A,OTH,TERNAT_REGNAT,LOR_GT3P5-6,MIO_VKM,NO	43 e	33 e	26 e	14 e	10 e	8 e	6 e	: 	3 	3 
A,OTH,TERNAT_REGNAT,LOR_GT3P5-6,MIO_VKM,PT	2 	0 n	0.220 	0 	0 	0 	0 	: 	: 	: 
A,OTH,TERNAT_REGNAT,LOR_GT6,MIO_VKM,LT	2.200 	2.800 	1.400 	3.300 	0.300 	0 	0.100 	3.400 	0.500 	0.200 
A,OTH,TERNAT_REGNAT,LOR_GT6,MIO_VKM,LV	22.600 	11 	5.200 	9.100 	11.100 	8.500 	7.300 	12.700 	6.800 	7.100 
A,OTH,TERNAT_REGNAT,LOR_GT6,MIO_VKM,MT	0.080 e	0.310 e	0.110 e	0.330 e	0.270 e	0.200 e	0.290 e	0.600 	0.340 	0.290 
A,OTH,TERNAT_REGNAT,LOR_GT6,MIO_VKM,NO	6 e	6 e	7 e	8 e	8 e	9 e	10 e	: 	16 	22 
A,OTH,TERNAT_REGNAT,LOR_GT6,MIO_VKM,PT	33 	2 	8.330 	2.110 	2.670 	2.840 	1.980 	: 	: 	: 
A,OTH,TERNAT_REGNAT,LOR_LE3P5,MIO_VKM,LT	3.400 	2 	1.800 	0.900 	0 	0.100 	3 	0 	0 	0.400 
A,OTH,TERNAT_REGNAT,LOR_LE3P5,MIO_VKM,LV	24 	26.800 	26.200 	26.400 	22.800 	20.400 	18.900 	20.500 	15.400 	15.700 
A,OTH,TERNAT_REGNAT,LOR_LE3P5,MIO_VKM,MT	0.080 e	0.310 e	0.040 e	0.170 e	0.200 e	0.640 e	0.640 e	0.700 	1.070 	1.410 
A,OTH,TERNAT_REGNAT,LOR_LE3P5,MIO_VKM,NL	255 	258 	264 	273 	307 	329 	370 	392 	453 	539 
A,OTH,TERNAT_REGNAT,LOR_LE3P5,MIO_VKM,NO	8 e	17 e	14 e	24 e	36 e	52 e	70 e	: 	141 	224 
A,OTH,TERNAT_REGNAT,LOR_LE3P5,MIO_VKM,SI	: 	: 	7 p	9 	9 	11 p	11 	11 	13 b	15 p
A,OTH,TER_REGNAT,CAR,MIO_VKM,BE	421 	387 	385 	412 	366 	: 	: 	: 	: 	: 
A,OTH,TER_REGNAT,CAR,MIO_VKM,CZ	: 	: 	: 	: 	: 	: 	: 	: 	: 	2006.298 e
A,OTH,TER_REGNAT,CAR,MIO_VKM,DE	10902 e	10913 e	10884 e	10557 e	11083 e	12627 e	14988 e	20246 e	33737 e	50975 e
A,OTH,TER_REGNAT,CAR,MIO_VKM,EE	: 	8211.900 	8476 	8670.200 	8876.100 	8924.100 	9397.200 	9263.300 	9393.400 	9705.400 
A,OTH,TER_REGNAT,CAR,MIO_VKM,FI	: 	: 	: 	: 	: 	388 	662 	1198 	1819 	38385 
A,OTH,TER_REGNAT,CAR,MIO_VKM,FR	2924.702 	2846.198 	2840.085 	2937.903 	2934.794 	3055.734 	3351.232 	3419.629 	5533.933 	9221.430 
A,OTH,TER_REGNAT,CAR,MIO_VKM,HR	: 	875 	939 	1014 	1016 	954 	793 	778 	877 	: 
A,OTH,TER_REGNAT,CAR,MIO_VKM,IE	275 	-9838 	319 	376 	467 	610 	862 	850 	1400 	2326 
A,OTH,TER_REGNAT,CAR,MIO_VKM,IS	: 	: 	: 	: 	19 	21 	37 	67 	: 	: 
A,OTH,TER_REGNAT,CAR,MIO_VKM,LT	2422.800 	1437.500 	1719.300 	1230.700 	1631.800 	1464 	: 	: 	: 	: 
A,OTH,TER_REGNAT,CAR,MIO_VKM,LV	619.500 	854.600 	896.400 	840.460 	843.860 	763.400 	711.800 	635.700 	671 	491.700 
A,OTH,TER_REGNAT,CAR,MIO_VKM,MK	3121.182 	3343.041 	3454.497 	3554.406 	3629.844 	3735.558 	3834.405 	3862.764 	4300.380 	4351.338 
A,OTH,TER_REGNAT,CAR,MIO_VKM,MT	1.630 e	4.990 e	7.360 e	13.530 e	18.820 e	22.410 e	24.300 e	23.100 	31.220 	29.254 
A,OTH,TER_REGNAT,CAR,MIO_VKM,NL	3454 	3644 	2882 	2651 	2405 	2070 	1836 	1439 	1338 	1354 
A,OTH,TER_REGNAT,CAR,MIO_VKM,NO	119 e	315 e	811 e	1167 e	1659 e	2409 e	3338 e	: 	5979 	8002 
A,OTH,TER_REGNAT,CAR,MIO_VKM,SE	4662 	4536 	4419 	4273 	4069 	3897 	3771 	3548.893 	3864.265 	4913.156 
A,OTH,TER_REGNAT,CAR,MIO_VKM,SI	: 	: 	173 p	192 	209 	213 p	207 	170 	191 	236 p
A,OTH,TER_REGNAT,CAR,MIO_VKM,TR	: 	: 	: 	: 	: 	57067 	55460 	53164.360 	55251.782 	: 
A,OTH,TER_REGNAT,CAR,MIO_VKM,UK	385300 	392471 	: 	397711 	: 	: 	447077 	336726 	: 	: 
A,OTH,TER_REGNAT,LOR_GT3P5-6,MIO_VKM,CZ	: 	: 	: 	: 	: 	: 	: 	: 	: 	9.902 e
A,OTH,TER_REGNAT,LOR_GT3P5-6,MIO_VKM,FR	0.650 	0.879 	1.082 	0.864 	0.671 	2.031 	5.743 	7.702 	18.864 	28.615 
A,OTH,TER_REGNAT,LOR_GT3P5-6,MIO_VKM,LT	0.700 	2.100 	0 	3.400 	0 	0 	0.200 	0 	0 	0 
A,OTH,TER_REGNAT,LOR_GT3P5-6,MIO_VKM,LV	16.200 	6.900 	6.500 	1.800 	1.900 	2.400 	1.600 	2.900 	1.100 	0.400 
A,OTH,TER_REGNAT,LOR_GT3P5-6,MIO_VKM,MT	0.140 e	0.160 e	0.060 	0.200 e	0.060 e	0.180 e	0.130 e	0.200 	0.090 	0.078 
A,OTH,TER_REGNAT,LOR_GT3P5-6,MIO_VKM,NO	46 e	35 e	28 e	15 e	11 e	8 e	6 e	: 	4 	4 
A,OTH,TER_REGNAT,LOR_GT3P5-6,MIO_VKM,PT	2 	0 n	0.024 	0 	0 	0 	0 	: 	: 	: 
A,OTH,TER_REGNAT,LOR_GT3P5-6,MIO_VKM,SE	5 	6 	5 	4 	4 	4 	5 	4.389 	3.997 	4.156 
A,OTH,TER_REGNAT,LOR_GT6,MIO_VKM,CZ	: 	: 	: 	: 	: 	: 	: 	: 	: 	20.284 e
A,OTH,TER_REGNAT,LOR_GT6,MIO_VKM,FR	6.905 	8.151 	9.315 	11.293 	17.543 	31.436 	47.610 	59.184 	82.705 	102.190 
A,OTH,TER_REGNAT,LOR_GT6,MIO_VKM,LT	2.200 	2.900 	1 	3.200 	79.500 	0 	0.100 	3.600 	1.400 	0 
A,OTH,TER_REGNAT,LOR_GT6,MIO_VKM,LV	22.600 	11 	5.200 	9.100 	11.100 	8.500 	7.300 	12.700 	6.800 	7.100 
A,OTH,TER_REGNAT,LOR_GT6,MIO_VKM,MT	0.080 e	0.160 e	0.080 	0.310 e	0.140 e	0.110 e	0.280 e	0.200 	0.340 	0.293 
A,OTH,TER_REGNAT,LOR_GT6,MIO_VKM,NO	6 e	6 e	7 e	8 e	8 e	10 e	11 e	: 	15 	23 
A,OTH,TER_REGNAT,LOR_GT6,MIO_VKM,PT	34 	3 	8.650 	2.110 	3.610 	2.970 	2.070 	: 	: 	: 
A,OTH,TER_REGNAT,LOR_GT6,MIO_VKM,SE	21 	29 	33 	47 	47 	45 	48 	53.066 	70.186 	97.591 
A,OTH,TER_REGNAT,LOR_LE3P5,MIO_VKM,BE	134 	145 	167 	188 	192 	: 	: 	: 	: 	: 
A,OTH,TER_REGNAT,LOR_LE3P5,MIO_VKM,CZ	: 	: 	: 	: 	: 	: 	: 	: 	: 	253.657 e
A,OTH,TER_REGNAT,LOR_LE3P5,MIO_VKM,DE	284 e	296 e	296 e	309 e	292 e	292 e	299 e	317 e	434 e	545 e
A,OTH,TER_REGNAT,LOR_LE3P5,MIO_VKM,FI	: 	: 	: 	: 	: 	5693 	5726 	5667 	5777 	5598 
A,OTH,TER_REGNAT,LOR_LE3P5,MIO_VKM,FR	223.445 	246.938 	268.827 	299.276 	320.223 	355.403 	397.723 	400.891 	527.935 	644.066 
A,OTH,TER_REGNAT,LOR_LE3P5,MIO_VKM,IS	: 	: 	: 	: 	1 	2 	1 	0 	: 	: 
A,OTH,TER_REGNAT,LOR_LE3P5,MIO_VKM,LT	3.400 	2 	3.200 	1 	0 	0.200 	3 	-0.100 	0 	0.400 
A,OTH,TER_REGNAT,LOR_LE3P5,MIO_VKM,LV	24 	26.800 	26.200 	26.500 	22.900 	20.400 	18.900 	20.500 	15.400 	15.700 
A,OTH,TER_REGNAT,LOR_LE3P5,MIO_VKM,MT	0.070 e	0.330 e	0.040 	0.190 e	0.560 e	0.470 e	0.650 e	0.700 	1.070 	1.408 
A,OTH,TER_REGNAT,LOR_LE3P5,MIO_VKM,NL	265 	269 	275 	284 	320 	342 	387 	410 	473 	457 
A,OTH,TER_REGNAT,LOR_LE3P5,MIO_VKM,NO	7 e	17 e	37 e	24 e	36 e	53 e	70 e	: 	142 	227 
A,OTH,TER_REGNAT,LOR_LE3P5,MIO_VKM,SE	116 	118 	122 	126 	127 	131 	135 	156.067 	194.452 	232.674 
A,OTH,TER_REGNAT,LOR_LE3P5,MIO_VKM,SI	: 	: 	11 p	11 	13 	15 p	14 	15 	16 	17 p
A,OTH,TER_REGNAT,LOR_LE3P5,MIO_VKM,TR	: 	: 	: 	: 	: 	: 	: 	63539.844 	70621.155 	: 
A,OTH,TER_REGNAT,LOR_LE3P5,MIO_VKM,UK	68303 	72087 	: 	75141 	: 	: 	88932 	80827 	: 	: 
A,PET,TERNAT_REG,CAR,MIO_VKM,AT	25751 	26052 	21681 	21423 	21856 	: 	: 	: 	: 	: 
A,PET,TERNAT_REG,CAR,MIO_VKM,EE	4050 e	: 	: 	: 	: 	: 	: 	: 	: 	: 
A,PET,TERNAT_REG,CAR,MIO_VKM,FI	: 	: 	: 	: 	23748 	23521 	23262 	22347 	21462 	: 
A,PET,TERNAT_REG,CAR,MIO_VKM,IE	17657 	15526 	15867 	15091 	13972 	12225 	10968 	7487 	8094 	9049 
A,PET,TERNAT_REG,CAR,MIO_VKM,NL	65531 	65757 	66412 	67883 	69285 	70645 	72134 	63784 	66257 	69335 
A,PET,TERNAT_REG,CAR,MIO_VKM,NO	14923 e	14048 e	13416 e	12172 e	11499 e	10721 e	9803 e	: 	7995 	7174 
A,PET,TERNAT_REG,CAR,MIO_VKM,UA	: 	: 	: 	: 	2603 	2458 	2580 	2083 	: 	: 
A,PET,TERNAT_REG,LOR_LE3P5,MIO_VKM,AT	297 	272 	375 	381 	393 	: 	: 	: 	: 	: 
A,PET,TERNAT_REG,LOR_LE3P5,MIO_VKM,FI	: 	: 	: 	: 	: 	80 	83 	59 	59 	: 
A,PET,TERNAT_REG,LOR_LE3P5,MIO_VKM,NL	167 	163 	152 	157 	167 	167 	185 	195 	215 	246 
A,PET,TERNAT_REG,LOR_LE3P5,MIO_VKM,NO	405 e	339 e	287 e	252 e	219 e	200 e	185 e	: 	153 	139 
A,PET,TERNAT_REGNAT,CAR,MIO_VKM,DK	21718 	21850 	22139 	22659 	23022 	23321 	23671 	21778 	22203 	22167 
A,PET,TERNAT_REGNAT,CAR,MIO_VKM,FR	99423 	99558 	101314 	105154 	112357.792 	118575.440 	127826.862 	111130.702 	124324.606 	135802.768 
A,PET,TERNAT_REGNAT,CAR,MIO_VKM,IE	17657 	15526 	15867 	15091 	13972 	12225 	10968 	7487 	8094 	9049 
A,PET,TERNAT_REGNAT,CAR,MIO_VKM,LT	5192.900 	3558.200 	3377 	3113.800 	3987 	3964.400 	: 	: 	: 	: 
A,PET,TERNAT_REGNAT,CAR,MIO_VKM,LV	3609.600 	2880.500 	2892.900 	2771.800 	2842.400 	2756.700 	2813.200 	2405.800 	2054 	1911.600 
A,PET,TERNAT_REGNAT,CAR,MIO_VKM,MT	1117.860 e	1478.400 e	1603.610 e	1495.170 e	1397.920 e	1370.380 	1381.010 e	1157.800 	1293.880 	1314.850 
A,PET,TERNAT_REGNAT,CAR,MIO_VKM,NL	62528 	62591 	63176 	64534 	65838 	67058 	68435 	61479 	64096 	65978 
A,PET,TERNAT_REGNAT,CAR,MIO_VKM,NO	14774 e	13908 e	13282 e	12050 e	11384 e	10614 e	9705 e	: 	7915 	7102 
A,PET,TERNAT_REGNAT,CAR,MIO_VKM,SI	: 	: 	6279 p	6059 	5966 	5871 p	5792 	4772 	4756 b	5156 p
A,PET,TERNAT_REGNAT,CAR,MIO_VKM,UA	: 	: 	: 	2688 	: 	: 	: 	: 	: 	: 
A,PET,TERNAT_REGNAT,LOR_LE3P5,MIO_VKM,DK	623 	570 	534 	517 	496 	453 	419 	380 	401 	427 
A,PET,TERNAT_REGNAT,LOR_LE3P5,MIO_VKM,LT	3.600 	1 	1.500 	3.500 	1 	0.300 	0.200 	1.400 	0 	0.700 
A,PET,TERNAT_REGNAT,LOR_LE3P5,MIO_VKM,LV	57.100 	35.400 	35.400 	34.700 	29.900 	27.300 	24.500 	26.600 	19.400 	20.100 
A,PET,TERNAT_REGNAT,LOR_LE3P5,MIO_VKM,MT	6.400 e	10.300 e	13.180 e	7.100 e	4.360 e	5.540 e	5.530 e	4.400 	6.020 	9.400 
A,PET,TERNAT_REGNAT,LOR_LE3P5,MIO_VKM,NL	161 	156 	146 	150 	160 	161 	177 	187 	207 	236 
A,PET,TERNAT_REGNAT,LOR_LE3P5,MIO_VKM,NO	401 e	336 e	284 e	249 e	217 e	198 e	183 e	: 	151 	138 
A,PET,TERNAT_REGNAT,LOR_LE3P5,MIO_VKM,SI	: 	: 	45 p	41 	38 	36 p	39 	35 	39 b	40 p
A,PET,TER_REGNAT,CAR,MIO_VKM,BE	83089 	82928 	84225 	20894 	84095 	: 	: 	: 	: 	: 
A,PET,TER_REGNAT,CAR,MIO_VKM,CZ	: 	: 	: 	: 	: 	: 	: 	: 	: 	67594.710 e
A,PET,TER_REGNAT,CAR,MIO_VKM,DE	325767 e	611940 e	315940 e	625915 e	630837 e	630843 e	632254 e	626423 e	308773 e	598052 e
A,PET,TER_REGNAT,CAR,MIO_VKM,EE	: 	8211.900 e	8476 e	8670.200 e	8876.100 	8924.100 e	9397.200 e	9263.300 	9393.400 	9705.400 
A,PET,TER_REGNAT,CAR,MIO_VKM,FI	: 	: 	: 	: 	: 	40718 	40718 	39092 	38771 	38385 
A,PET,TER_REGNAT,CAR,MIO_VKM,FR	460214.673 	465472.353 	472077.332 	479454.804 	477750.530 	475549.630 	476599.280 	388244.460 	420952.220 	462518.530 
A,PET,TER_REGNAT,CAR,MIO_VKM,HR	: 	18262 	19444 	20809 	21473 	22322 	21463 	20740 	21875 	: 
A,PET,TER_REGNAT,CAR,MIO_VKM,IE	32904 	32324 	35874 	37488 	38039 	36817 	36300 	26654 	30677 	35583 
A,PET,TER_REGNAT,CAR,MIO_VKM,IS	: 	: 	: 	: 	1530 	1566 	1380 e	1599 	: 	: 
A,PET,TER_REGNAT,CAR,MIO_VKM,LT	17772.200 	13071.700 	13196.800 	14049.200 	16822.800 	17487 	: 	: 	: 	: 
A,PET,TER_REGNAT,CAR,MIO_VKM,LV	8381.700 	9018.400 	9673.300 	9925.100 	10699.200 	10897.600 	11072 	10553.500 	9596.800 	9067.200 
A,PET,TER_REGNAT,CAR,MIO_VKM,MK	3121.182 	3343.041 	3454.497 	3554.406 	3629.844 	3735.558 	3834.405 	3862.764 	4300.380 	4351.338 
A,PET,TER_REGNAT,CAR,MIO_VKM,MT	1890.570 e	2646.780 e	2132.010 e	1571.650 e	2744.390 e	2622.310 e	2408.390 e	1878.600 	2290.310 	2321.010 
A,PET,TER_REGNAT,CAR,MIO_VKM,NL	113821 	114511 	115913 	118725 	120026 	120339 	121232 	100600 	104473 	105425 
A,PET,TER_REGNAT,CAR,MIO_VKM,NO	33931 e	33841 e	34324 e	34848 e	35301 e	35989 e	35504 e	: 	12147 	35310 
A,PET,TER_REGNAT,CAR,MIO_VKM,SE	37077 	63813 	65312 	67176 	32662 	68664 	67142 	62823.778 	63850.109 	64851.448 
A,PET,TER_REGNAT,CAR,MIO_VKM,SI	: 	: 	16356 p	6144 	16593 	16976 p	17263 	14202 	15245 	16606 p
A,PET,TER_REGNAT,CAR,MIO_VKM,TR	: 	: 	: 	: 	: 	170801 	166605 	163402.342 	178831.869 	: 
A,PET,TER_REGNAT,CAR,MIO_VKM,UK	: 	392471 	: 	397711 	: 	: 	447077 	336726 	: 	: 
A,PET,TER_REGNAT,LOR_LE3P5,MIO_VKM,BE	153 	165 	184 	215 	244 	: 	: 	: 	: 	: 
A,PET,TER_REGNAT,LOR_LE3P5,MIO_VKM,CZ	: 	: 	: 	: 	: 	: 	: 	: 	: 	657.374 e
A,PET,TER_REGNAT,LOR_LE3P5,MIO_VKM,DE	1543 e	1565 e	1418 e	1391 e	1338 e	1345 e	1410 e	1516 e	1589 e	1542 e
A,PET,TER_REGNAT,LOR_LE3P5,MIO_VKM,FR	999.352 	936.181 	879.753 	834.513 	752.913 	751.867 	751.864 	672.872 	742.599 	809.159 
A,PET,TER_REGNAT,LOR_LE3P5,MIO_VKM,IS	: 	: 	: 	: 	35 	28 	26 	29 	: 	: 
A,PET,TER_REGNAT,LOR_LE3P5,MIO_VKM,LT	3.600 	1.100 	0 	3.500 	1 	0.300 	0.300 	1.500 	0 	0.700 
A,PET,TER_REGNAT,LOR_LE3P5,MIO_VKM,LV	57.100 	35.400 	35.400 	34.600 	29.900 	27.300 	24.500 	26.600 	19.400 	20.100 
A,PET,TER_REGNAT,LOR_LE3P5,MIO_VKM,MT	6.230 e	9.260 e	7.010 	6.980 e	5.330 e	5.790 e	5.530 e	4.400 	6.020 	9.397 
A,PET,TER_REGNAT,LOR_LE3P5,MIO_VKM,NL	167 	163 	152 	157 	167 	168 	185 	195 	215 	216 
A,PET,TER_REGNAT,LOR_LE3P5,MIO_VKM,NO	405 e	339 e	287 e	252 e	219 e	200 e	185 e	: 	153 	139 
A,PET,TER_REGNAT,LOR_LE3P5,MIO_VKM,SE	645 	575 	515 	468 	423 	388 	363 	353.970 	349.814 	325.932 
A,PET,TER_REGNAT,LOR_LE3P5,MIO_VKM,SI	: 	: 	70 p	53 	51 	50 p	49 	45 	44 	46 p
A,PET,TER_REGNAT,MOTO,MIO_VKM,CZ	: 	: 	: 	: 	: 	: 	: 	: 	: 	2220.314 e
A,PET,TER_REGNAT,MOTO,MIO_VKM,DE	9412 e	9495 e	9612 e	9658 e	9741 e	9741 e	9887 e	9926 e	10143 e	10112 e
A,PET,TER_REGNAT,MOTO,MIO_VKM,EE	: 	37.900 e	44 e	48.100 e	54.100 	56 e	46.600 e	51.400 	57.800 	55 
A,PET,TER_REGNAT,MOTO,MIO_VKM,FI	: 	: 	: 	: 	: 	1161 	1161 	1161 	1161 	: 
A,PET,TER_REGNAT,MOTO,MIO_VKM,FR	: 	: 	: 	11210 	11273.265 	11340.238 	11340.238 	9582.501 	9822.063 	11069.466 
A,PET,TER_REGNAT,MOTO,MIO_VKM,HR	: 	173 	184 	201 	217 	241 	261 	245 	369 	: 
A,PET,TER_REGNAT,MOTO,MIO_VKM,IE	103 	103 	102 	104 	108 	109 	114 	101 	111 	114 
A,PET,TER_REGNAT,MOTO,MIO_VKM,LT	277.500 	113.100 	143.200 	158 	204.800 	214.800 	: 	: 	: 	: 
A,PET,TER_REGNAT,MOTO,MIO_VKM,LV	55.100 	51.800 	50 	50.400 	53.400 	107.200 	57.500 	66.500 	63.900 	93.400 
A,PET,TER_REGNAT,MOTO,MIO_VKM,MT	3.790 e	: z	87.990 e	92.330 e	93.410 e	90.110 e	119.650 e	: 	: 	: 
A,PET,TER_REGNAT,MOTO,MIO_VKM,NL	2541 	2489 	2445 	2456 	2475 	: 	: 	: 	: 	: 
A,PET,TER_REGNAT,MOTO,MIO_VKM,NO	804 e	831 e	888 e	908 e	942 e	964 e	983 e	: 	: 	: 
A,PET,TER_REGNAT,MOTO,MIO_VKM,SE	686 	658 	693 	: 	668 	646 	656 	700.154 	653.162 	659.215 
A,PET,TER_REGNAT,MOTO,MIO_VKM,SI	: 	: 	177 p	162 	166 	167 p	172 	162 	206 	200 p
A,PET,TER_REGNAT,MOTO,MIO_VKM,TR	: 	: 	: 	: 	: 	12717 	12839 	12934.404 	14406.104 	: 
A,TOTAL,TERNAT_REG,BIKE,MIO_VKM,CH	2309 	2381 	2453 	2488 	2526 	2555 	2584 	2841 	2647 	2919 
A,TOTAL,TERNAT_REG,BIKE,MIO_VKM,EE	: 	: 	: 	: 	: 	: 	: z	: 	: 	: 
A,TOTAL,TERNAT_REG,BIKE,MIO_VKM,ES	: 	0 	: 	: 	: 	: 	: 	: 	: 	: 
A,TOTAL,TERNAT_REG,BIKE,MIO_VKM,HU	732.080 e	677 e	715.180 e	729.660 e	788.690 e	818.200 e	862.490 e	788.200 	811.640 e	856.170 
A,TOTAL,TERNAT_REG,BIKE,MIO_VKM,IS	: 	: 	: 	: 	1820 e	1891 e	1969 e	1882 	: 	: 
A,TOTAL,TERNAT_REG,BIKE,MIO_VKM,NO	943 e	1114 e	1128 e	1138 e	1145 e	1155 e	1580 e	: 	1605.782 	1629 
A,TOTAL,TERNAT_REG,BIKE,MIO_VKM,UK	5036 	5225 	5227 	5227 	: 	: 	5556 	8092 	6757 	6273 
A,TOTAL,TERNAT_REG,BUS_MCO_MIN,MIO_VKM,BE	134 e	156 	159 	135 	175 b	: 	: 	: 	: 	: 
A,TOTAL,TERNAT_REG,BUS_MCO_MIN,MIO_VKM,NO	153 e	144 e	136 e	127 e	125 e	126 e	118 e	: 	: 	: 
A,TOTAL,TERNAT_REG,BUS_MCO_MIN,MIO_VKM,RO	: 	: 	: 	: 	: 	: 	: z	: 	: 	: 
A,TOTAL,TERNAT_REG,BUS_MCO_MIN,MIO_VKM,SI	: 	: 	10 p	10 	8 	8 p	8 	4 	: 	: 
A,TOTAL,TERNAT_REG,BUS_MCO_TRO,MIO_VKM,AT	507 	520 	527 	544 	558 	: 	: 	: 	: 	: 
A,TOTAL,TERNAT_REG,BUS_MCO_TRO,MIO_VKM,BE	633 b	646 	659 	614 	615 	: 	: 	: 	: 	: 
A,TOTAL,TERNAT_REG,BUS_MCO_TRO,MIO_VKM,BG	449 	439.900 	455.800 	485.800 	446.700 	524.100 	427.600 	320.200 	337.100 	326.800 
A,TOTAL,TERNAT_REG,BUS_MCO_TRO,MIO_VKM,CH	415 	421 	431 	441 	445 e	458 	469 	452 	480 	495 
A,TOTAL,TERNAT_REG,BUS_MCO_TRO,MIO_VKM,EE	145 e	161 e	175 e	206.400 e	237.800 e	235.100 e	221.500 e	216.300 	231.400 	239.800 
A,TOTAL,TERNAT_REG,BUS_MCO_TRO,MIO_VKM,ES	2250 	1715 	2023 	2028 	1292 	1334 	1369 	902.672 	1157 	1328 
A,TOTAL,TERNAT_REG,BUS_MCO_TRO,MIO_VKM,FI	580 	580 	580 	635 	630 	614 	601 	523 	461 	522 
A,TOTAL,TERNAT_REG,BUS_MCO_TRO,MIO_VKM,FR	3187 	3234 	3259 	3308 	3173.003 	3213.492 	3276.117 	2349.302 	2790.965 	3067.266 
A,TOTAL,TERNAT_REG,BUS_MCO_TRO,MIO_VKM,HR	300 	290 	300 	305 	320 	320 	330 	210 	240 	270 
A,TOTAL,TERNAT_REG,BUS_MCO_TRO,MIO_VKM,HU	660.320 e	683 e	668.790 e	688.710 e	718.540 e	730.730 e	734.530 e	632.930 	664.790 e	685.480 
A,TOTAL,TERNAT_REG,BUS_MCO_TRO,MIO_VKM,IE	299 	375 	313 	329 	361 	386 	392 	271 	260 	329 
A,TOTAL,TERNAT_REG,BUS_MCO_TRO,MIO_VKM,IT	: 	: 	: 	: 	19163 	19584 	19965 	: 	: 	: 
A,TOTAL,TERNAT_REG,BUS_MCO_TRO,MIO_VKM,NL	642 	624 	625 	611 	655 	632 	615 	508 	488 	508 
A,TOTAL,TERNAT_REG,BUS_MCO_TRO,MIO_VKM,NO	583 e	572 e	564 e	568 e	573 e	580 e	583 e	: 	501 	541 
A,TOTAL,TERNAT_REG,BUS_MCO_TRO,MIO_VKM,PL	2011 e	1914 e	1851 e	: 	: 	: 	: 	: 	: 	: 
A,TOTAL,TERNAT_REG,BUS_MCO_TRO,MIO_VKM,RO	2271 	2538 	2861 	2994 	3138 	3295 	3467 	3655 	3863 	4092 
A,TOTAL,TERNAT_REG,BUS_MCO_TRO,MIO_VKM,SE	970 b	969 	983 	985 	998 	1000 	1006 	899 	888 	936 
A,TOTAL,TERNAT_REG,BUS_MCO_TRO,MIO_VKM,SI	: 	: 	131 p	133 	136 	138 p	141 	68 	89 b	102 p
A,TOTAL,TERNAT_REG,BUS_MCO_TRO,MIO_VKM,UA	: 	: 	: 	: 	2017 	2084 	2117 	1468 	: 	: 
A,TOTAL,TERNAT_REG,BUS_MCO_TRO,MIO_VKM,UK	4508 	4507 	4304 	4304 	: 	: 	3886 	2641 	2907 	3325 
A,TOTAL,TERNAT_REG,BUS_TOT,MIO_VKM,AT	86 	87 	87 	90 	92 	: 	: 	: 	: 	: 
A,TOTAL,TERNAT_REG,BUS_TOT,MIO_VKM,BE	360 	358 	360 	359 	329 b	: 	: 	: 	: 	: 
A,TOTAL,TERNAT_REG,BUS_TOT,MIO_VKM,BG	: 	423.700 	440.600 	471.100 	432 	510 	413.500 	306.500 	322.600 	314.700 
A,TOTAL,TERNAT_REG,BUS_TOT,MIO_VKM,CH	262 	267 	272 	281 	281 e	291 	300 	294 	311 	321 
A,TOTAL,TERNAT_REG,BUS_TOT,MIO_VKM,EE	145 e	: 	: 	: 	: 	: 	: 	: 	: 	: 
A,TOTAL,TERNAT_REG,BUS_TOT,MIO_VKM,NL	503 	485 	481 	464 	496 	471 	466 	447 	426 	404 
A,TOTAL,TERNAT_REG,BUS_TOT,MIO_VKM,NO	342 e	332 e	327 e	339 e	343 e	353 e	363 e	: 	439 	454 
A,TOTAL,TERNAT_REG,BUS_TOT,MIO_VKM,RO	2271 	2538 	2861 	2994 	3138 	3295 	3467 	3655 	3863 	4092 
A,TOTAL,TERNAT_REG,BUS_TOT,MIO_VKM,SI	: 	: 	18 p	18 	18 	18 p	18 	13 	17 b	18 p
A,TOTAL,TERNAT_REG,BUS_TRO,MIO_VKM,BE	0 	0 	0 	0 	0 	: 	: 	: 	: 	: 
A,TOTAL,TERNAT_REG,BUS_TRO,MIO_VKM,BG	: 	16.200 	15.200 	14.800 	14.700 	14.100 	14.100 	13.700 	14.500 	12.100 
A,TOTAL,TERNAT_REG,BUS_TRO,MIO_VKM,CH	28 	27 	27 	27 	28 e	28 	27 	27 	29 	30 
A,TOTAL,TERNAT_REG,BUS_TRO,MIO_VKM,CY	: z	: 	: 	: 	: 	: 	: 	: 	: 	: 
A,TOTAL,TERNAT_REG,BUS_TRO,MIO_VKM,HR	: 	: 	: 	: 	: z	: z	: z	: z	: z	: z
A,TOTAL,TERNAT_REG,BUS_TRO,MIO_VKM,SI	: 	: 	0 	0 	0 	0 	0 	0 	0 	0 
A,TOTAL,TERNAT_REG,CAR,MIO_VKM,AT	64542 	66229 	67951 	69921 	71250 	: 	: 	: 	: 	: 
A,TOTAL,TERNAT_REG,CAR,MIO_VKM,BE	77157 b	77975 	78670 	79385 	80076 	: 	: 	: 	: 	: 
A,TOTAL,TERNAT_REG,CAR,MIO_VKM,CH	54695 	55641 	56620 	57737 	58735 	59344 	59833 	48400 	51385 	54837 
A,TOTAL,TERNAT_REG,CAR,MIO_VKM,EE	7764 e	8211.900 e	8476 e	8670.200 e	8876.100 e	8924.100 e	9397.200 e	9263.300 	9393.400 	9705.400 
A,TOTAL,TERNAT_REG,CAR,MIO_VKM,ES	195624 	197373 	204203 	196467 	198262 	202954 	203817 	158246.697 	189940 	204527.050 
A,TOTAL,TERNAT_REG,CAR,MIO_VKM,FI	46510 	46800 	47355 	40719 b	40614 	40718 	40718 	39092 	38771 	38385 
A,TOTAL,TERNAT_REG,CAR,MIO_VKM,HR	18000 	18295 	18850 	19360 	19905 	20310 	20840 	16810 	19780 	20880 
A,TOTAL,TERNAT_REG,CAR,MIO_VKM,HU	24240.910 e	25435 e	26707.200 e	28333.490 e	30245.270 e	31577.990 e	32935.960 e	28903.220 	32284.470 e	34718.250 
A,TOTAL,TERNAT_REG,CAR,MIO_VKM,IE	32094 	32324 	35874 	37488 	38039 	36817 	36300 	26654 	30677 	35583 
A,TOTAL,TERNAT_REG,CAR,MIO_VKM,IT	: 	: 	: 	: 	64656 	64544 	64689 	43920 	55323 	62841 
A,TOTAL,TERNAT_REG,CAR,MIO_VKM,MK	3121.182 	3343.041 	3454.497 	3554.406 	3629.844 	3735.558 	3834.405 	3862.764 	4300.380 	4351.338 
A,TOTAL,TERNAT_REG,CAR,MIO_VKM,NL	103211 	103699 	105089 	107708 	108936 	109337 	109087 	92654 	95940 	102465 
A,TOTAL,TERNAT_REG,CAR,MIO_VKM,NO	33931 e	33841 e	34324 e	34848 e	35407 e	35989 e	35504 e	: 	35098 	35310 
A,TOTAL,TERNAT_REG,CAR,MIO_VKM,PL	169719 e	175476 e	180158 e	: 	: 	: 	: 	: 	: 	: 
A,TOTAL,TERNAT_REG,CAR,MIO_VKM,RO	35763 	37727 	39798 	40948 	42133 	43354 	44613 	45911 	47249 	48628 
A,TOTAL,TERNAT_REG,CAR,MIO_VKM,SE	63283 b	64531 	65854 	67355 	68305 	68483 	67776 	62162 	63913 	65364 
A,TOTAL,TERNAT_REG,CAR,MIO_VKM,SI	: 	: 	17986 p	17679 	18328 	18749 p	19087 	14614 	15424 b	16801 p
A,TOTAL,TERNAT_REG,CAR,MIO_VKM,UA	: 	: 	: 	: 	3813 	3805 	4174 	3703 	: 	: 
A,TOTAL,TERNAT_REG,CAR,MIO_VKM,UK	386192 	393376 	398626 	398626 	: 	: 	447769 	337240 	356243 	392670 
A,TOTAL,TERNAT_REG,LOR,MIO_VKM,AT	11442 	11739 	12043 	12350 	12803 	: 	: 	: 	: 	: 
A,TOTAL,TERNAT_REG,LOR,MIO_VKM,BE	13611 b	14117 	14481 	14528 	14541 	: 	: 	: 	: 	: 
A,TOTAL,TERNAT_REG,LOR,MIO_VKM,BG	: 	595.600 	598.100 	556.300 	510.500 	: 	: 	422.800 	460 	387.600 
A,TOTAL,TERNAT_REG,LOR,MIO_VKM,EE	1203 e	1060.800 e	1281 e	1462.600 e	1643.300 e	1981.900 e	1993.700 e	1720.300 	1885.600 	1695.900 
A,TOTAL,TERNAT_REG,LOR,MIO_VKM,ES	: 	20589 	23397 	23142 	24458 	24733 	25122 	22409.681 	25517 	25876 
A,TOTAL,TERNAT_REG,LOR,MIO_VKM,FI	7080 	7200 	7210 	9007 b	8982 	9104 	9068 	8411 	8542 	8249 
A,TOTAL,TERNAT_REG,LOR,MIO_VKM,HU	9655.470 e	7748 e	8032.650 e	8193.150 e	8594.360 e	8868.070 e	9067.280 e	8027.007 	9044.560 e	9348.480 
A,TOTAL,TERNAT_REG,LOR,MIO_VKM,IE	6320 	6999 	7021 	7410 	7785 	7891 	8023 	7283 	8812 	9356 
A,TOTAL,TERNAT_REG,LOR,MIO_VKM,MK	625 	855 	860 	904 	902 	959 	835 	837 	895.964 	1051.425 
A,TOTAL,TERNAT_REG,LOR,MIO_VKM,NL	18518 	18439 	18719 	19368 	19919 	20087 	20537 	20180 	20864 	21176 
A,TOTAL,TERNAT_REG,LOR,MIO_VKM,NO	9400 e	9325 e	8595 e	8566 e	8650 e	8750 e	8780 e	: 	8795 	8835 
A,TOTAL,TERNAT_REG,LOR,MIO_VKM,PL	23803 e	35505 e	35559 e	: 	: 	: 	: 	: 	: 	: 
A,TOTAL,TERNAT_REG,LOR,MIO_VKM,RO	8579 	8652 	8728 	8963 	9205 	9454 	9709 	9972 	10242 	10520 
A,TOTAL,TERNAT_REG,LOR,MIO_VKM,SE	12809 	13021 	13214 	13653 	13923 	14281 	14290 	14058 	14685 	14858 
A,TOTAL,TERNAT_REG,LOR,MIO_VKM,SI	: 	: 	2314 p	2575 	2650 	2765 p	3012 	2730 	3311 b	3401 p
A,TOTAL,TERNAT_REG,LOR,MIO_VKM,UA	: 	: 	: 	: 	6031 	6418 	6538 	6934 	: 	: 
A,TOTAL,TERNAT_REG,LOR,MIO_VKM,UK	80479 	84489 	88073 	88073 	: 	: 	101751 	92534 	99356 	104294 
A,TOTAL,TERNAT_REG,LOR_GT3P5-6,MIO_VKM,EE	1203 e	: 	: 	: 	: 	: 	: 	: 	: 	: 
A,TOTAL,TERNAT_REG,LOR_GT3P5-6,MIO_VKM,FI	: 	: 	: 	: 	: 	563 	: 	468 	474 	454 
A,TOTAL,TERNAT_REG,LOR_GT3P5-6,MIO_VKM,HU	720.490 e	691 e	710.050 e	718.530 e	740.930 e	748.510 e	754.880 e	674.430 	732.920 e	720.420 
A,TOTAL,TERNAT_REG,LOR_GT3P5-6,MIO_VKM,NO	209 e	176 e	153 e	111 e	89 e	73 e	65 e	: 	54 	52 
A,TOTAL,TERNAT_REG,LOR_GT3P5-6,MIO_VKM,RO	7521 	7535 	7550 	7751 	7958 	8171 	8389 	8613 	8843 	9081 
A,TOTAL,TERNAT_REG,LOR_GT6,MIO_VKM,AT	4631 	4751 	4873 	4972 	5271 	: 	: 	: 	: 	: 
A,TOTAL,TERNAT_REG,LOR_GT6,MIO_VKM,BG	682.400 	595.600 	598.100 	556.300 	510.500 	456.500 	345.300 	422.800 	460 	387.600 
A,TOTAL,TERNAT_REG,LOR_GT6,MIO_VKM,ES	: 	: 	: 	9601 	8476 	8676 	8788 	12959.552 	8467 	9371 
A,TOTAL,TERNAT_REG,LOR_GT6,MIO_VKM,FI	: 	: 	: 	: 	: 	2314 	: 	2276 	2291 	2197 
A,TOTAL,TERNAT_REG,LOR_GT6,MIO_VKM,HU	3576.970 e	1259 e	1254.660 e	1274.090 e	1344.610 e	1370.800 e	1366.110 e	1175.297 	1344.340 e	1323 
A,TOTAL,TERNAT_REG,LOR_GT6,MIO_VKM,NO	2052 e	1455 e	1433 e	1415 e	1431 e	1443 e	1462 e	: 	1411 	1436 
A,TOTAL,TERNAT_REG,LOR_LE3P5,MIO_VKM,AT	6811 	6988 	7170 	7378 	7532 	: 	: 	: 	: 	: 
A,TOTAL,TERNAT_REG,LOR_LE3P5,MIO_VKM,BE	10193 b	10670 	11044 	11559 	12091 	: 	: 	: 	: 	: 
A,TOTAL,TERNAT_REG,LOR_LE3P5,MIO_VKM,ES	13799 	13762 	15117 	13541 	15982 	16057 	16334 	9450.129 	17050 	16505.210 
A,TOTAL,TERNAT_REG,LOR_LE3P5,MIO_VKM,FI	3890 	3905 	3925 	5514 b	5611 	5693 	5726 	5667 	5777 	5598 
A,TOTAL,TERNAT_REG,LOR_LE3P5,MIO_VKM,HU	5358.010 e	5798 e	6067.940 e	6200.530 e	6508.820 e	6748.760 e	6946.290 e	6177.280 	6967.300 e	7305.060 
A,TOTAL,TERNAT_REG,LOR_LE3P5,MIO_VKM,NL	16309 	16296 	16544 	17144 	17668 	17961 	18434 	18108 	18832 	19142 
A,TOTAL,TERNAT_REG,LOR_LE3P5,MIO_VKM,NO	7139 e	7077 e	7009 e	7040 e	7130 e	7234 e	7253 e	: 	7330 	7347 
A,TOTAL,TERNAT_REG,LOR_LE3P5,MIO_VKM,PL	16134 e	15591 e	15098 e	: 	: 	: 	: 	: 	: 	: 
A,TOTAL,TERNAT_REG,LOR_LE3P5,MIO_VKM,RO	1058 	1117 	1178 	1212 	1247 	1283 	1320 	1359 	1399 	1439 
A,TOTAL,TERNAT_REG,LOR_LE3P5,MIO_VKM,SE	8174 	8397 	8573 	8830 	9096 	9360 	9415 	9332 	9697 	9753 
A,TOTAL,TERNAT_REG,LOR_LE3P5,MIO_VKM,SI	: 	: 	1185 p	1402 	1424 	1495 p	1719 	1524 	1954 b	2022 p
A,TOTAL,TERNAT_REG,LOR_LE3P5,MIO_VKM,UK	68530 	72326 	75488 	75488 	: 	: 	89367 	81222 	87510 	92560 
A,TOTAL,TERNAT_REG,MCO,MIO_VKM,AT	421 	433 	441 	454 	466 	: 	: 	: 	: 	: 
A,TOTAL,TERNAT_REG,MCO,MIO_VKM,BE	140 e	132 	141 	120 	111 	: 	: 	: 	: 	: 
A,TOTAL,TERNAT_REG,MCO,MIO_VKM,CH	125 	128 	131 	134 	136 	139 	142 	131 	139 	144 
A,TOTAL,TERNAT_REG,MCO,MIO_VKM,NL	139 	139 	144 	147 	159 	161 	149 	61 	62 	104 
A,TOTAL,TERNAT_REG,MCO,MIO_VKM,NO	88 e	96 e	101 e	102 e	105 e	101 e	102 e	: 	62 	87 
A,TOTAL,TERNAT_REG,MCO,MIO_VKM,SI	: 	: 	104 p	105 	110 	112 p	115 	51 	72 b	84 p
A,TOTAL,TERNAT_REG,MOP,MIO_VKM,AT	310 	303 	741 	731 	728 	: 	: 	: 	: 	: 
A,TOTAL,TERNAT_REG,MOP,MIO_VKM,CH	134 	138 	143 	155 	165 	176 	184 	198 	210 	222 
A,TOTAL,TERNAT_REG,MOP,MIO_VKM,NL	2322 	2350 	2386 	2445 	2537 	2561 	2591 	2398 	: 	2592 
A,TOTAL,TERNAT_REG,MOP,MIO_VKM,NO	567 e	571 e	575 e	576 e	566 e	542 e	521 e	: 	: 	: 
A,TOTAL,TERNAT_REG,MOTO,MIO_VKM,AT	1307 	1359 	1410 	1467 	1515 	: 	: 	: 	: 	: 
A,TOTAL,TERNAT_REG,MOTO,MIO_VKM,BE	1216 	1230 	1214 	1209 	1222 	: 	: 	: 	: 	: 
A,TOTAL,TERNAT_REG,MOTO,MIO_VKM,CH	1770 	1782 	1794 	1820 	1842 	1868 	1881 	1719 	1763 	1759 
A,TOTAL,TERNAT_REG,MOTO,MIO_VKM,FI	: 	: 	: 	: 	1161 	1161 	1161 	1161 	1161 	1161 
A,TOTAL,TERNAT_REG,MOTO,MIO_VKM,NL	2210 	2166 	2127 	2136 	2153 	2167 	2210 	2526 	: 	2541 
A,TOTAL,TERNAT_REG,MOTO,MIO_VKM,NO	804 e	831 e	888 e	908 e	942 e	964 e	983 e	: 	: 	: 
A,TOTAL,TERNAT_REG,MOTO,MIO_VKM,SE	692 b	694 	664 	713 	670 	668 	652 	693 	654 	664 
A,TOTAL,TERNAT_REG,MOTO_MOP,MIO_VKM,AT	1617 	1662 	2151 	2198 	2231 	: 	: 	: 	: 	: 
A,TOTAL,TERNAT_REG,MOTO_MOP,MIO_VKM,CH	1904 	1920 	1937 	1975 	2007 	2043 	2065 	1917 	1973 	1981 
A,TOTAL,TERNAT_REG,MOTO_MOP,MIO_VKM,EE	: 	37.900 e	44 e	48.100 e	54.100 e	56 e	46.600 e	51.400 	57.800 	55 
A,TOTAL,TERNAT_REG,MOTO_MOP,MIO_VKM,ES	1449 	1587 	1535 	3864 	3826 	3683 	3643 	2349.681 	3629 	3507 
A,TOTAL,TERNAT_REG,MOTO_MOP,MIO_VKM,FR	11041 	11076 	11134 	11211 	11273 	11340 	11340 	9583 	9822 	11069.466 
A,TOTAL,TERNAT_REG,MOTO_MOP,MIO_VKM,HR	189 	195 	215 	225 	235 	240 	250 	220 	270 	290 
A,TOTAL,TERNAT_REG,MOTO_MOP,MIO_VKM,HU	405.840 e	407 e	432.990 e	432.920 e	456.160 e	481.610 e	494.020 e	455.640 	464.340 e	480.890 
A,TOTAL,TERNAT_REG,MOTO_MOP,MIO_VKM,IE	: 	103 	102 	104 	108 	109 	114 	101 	111 	114 
A,TOTAL,TERNAT_REG,MOTO_MOP,MIO_VKM,NL	4532 	4516 	4513 	4581 	4690 	4728 	4801 	4924 	: 	5133 
A,TOTAL,TERNAT_REG,MOTO_MOP,MIO_VKM,NO	1371 e	1402 e	1463 e	1484 e	1508 e	1506 e	1504 e	: 	: 	: 
A,TOTAL,TERNAT_REG,MOTO_MOP,MIO_VKM,PL	4048 e	3840 e	3666 e	: 	: 	: 	: 	: 	: 	: 
A,TOTAL,TERNAT_REG,MOTO_MOP,MIO_VKM,RO	709 	745 	786 	789 	793 	796 	800 	804 	807 	811 
A,TOTAL,TERNAT_REG,MOTO_MOP,MIO_VKM,SI	: 	: 	244 p	218 	233 	235 p	241 	202 	210 b	202 p
A,TOTAL,TERNAT_REG,MOTO_MOP,MIO_VKM,UK	4328 	4459 	4463 	4463 	: 	: 	4786 	3949 	4073 	4566 
A,TOTAL,TERNAT_REG,RDMVEH_OTH,MIO_VKM,BE	394 b	400 	397 	411 	413 	: 	: 	: 	: 	: 
A,TOTAL,TERNAT_REG,RDMVEH_OTH,MIO_VKM,HR	1727 	1660 	1830 	2030 	2290 	2570 	2860 	2610 	3170 	3450 
A,TOTAL,TERNAT_REG,RDMVEH_OTH,MIO_VKM,HU	157.290 e	158 e	168.370 e	172.110 e	180.860 e	186.620 e	196.700 e	177.150 	189.360 e	200.270 
A,TOTAL,TERNAT_REG,RDMVEH_OTH,MIO_VKM,IE	: 	: 	: 	867 	886 	857 	841 	639 	384 	913 
A,TOTAL,TERNAT_REG,RDMVEH_OTH,MIO_VKM,NL	454 	442 	437 	462 	465 	461 	460 	434 	468 	486 
A,TOTAL,TERNAT_REG,RDMVEH_OTH,MIO_VKM,NO	: z	: 	: 	: 	: 	: 	: 	: 	: 	: 
A,TOTAL,TERNAT_REG,RDMVEH_OTH,MIO_VKM,PL	1044 	936 e	872 e	: 	: 	: 	: 	: 	: 	: 
A,TOTAL,TERNAT_REG,TOTAL,MIO_VKM,AT	78108 	80150 	82672 	85014 	86854 	: 	: 	: 	: 	: 
A,TOTAL,TERNAT_REG,TOTAL,MIO_VKM,BE	97736 b	99193 	100311 	101668 	103175 	: 	: 	: 	: 	: 
A,TOTAL,TERNAT_REG,TOTAL,MIO_VKM,CZ	47156 	48335 	53566 	52775 	52775 	52775 	52775 	51988.781 	53600.659 	58663.951 
A,TOTAL,TERNAT_REG,TOTAL,MIO_VKM,EE	: 	9471.600 e	9976 e	10387.300 e	10811.100 e	11197.100 e	11659.100 e	11251.300 	11568.200 	11696.100 
A,TOTAL,TERNAT_REG,TOTAL,MIO_VKM,ES	199323 	228121 	238774 	239353 	244661 	250192 	252055 	195687.388 	239946 	254459 
A,TOTAL,TERNAT_REG,TOTAL,MIO_VKM,FI	54170 	54580 	55145 	50361 b	51386 	51597 	51548 	49704 	49466 	48856 
A,TOTAL,TERNAT_REG,TOTAL,MIO_VKM,FR	587479 	595719 	603826 	613562 	638134.183 	639620.174 	645245.217 	531911.119 	577044.196 	629379.986 
A,TOTAL,TERNAT_REG,TOTAL,MIO_VKM,HR	20216 	20440 	21195 	21920 	22750 	23440 	24280 	19850 	23460 	24890 
A,TOTAL,TERNAT_REG,TOTAL,MIO_VKM,HU	35119.830 e	36771 e	38580.570 e	40451.330 e	43015.720 e	44796.460 e	46415.930 e	41012.560 	45846.970 e	48677.260 
A,TOTAL,TERNAT_REG,TOTAL,MIO_VKM,IE	41757 	42447 	45790 	47775 	48754 	47545 	47072 	36237 	41878 	47604 
A,TOTAL,TERNAT_REG,TOTAL,MIO_VKM,IT	: 	: 	: 	: 	83819 	84127 	84654 	61413 	75500 	83548 
A,TOTAL,TERNAT_REG,TOTAL,MIO_VKM,NL	131765 	132196 	134110 	137838 	139865 	140371 	140709 	124064 	123105 	135363 
A,TOTAL,TERNAT_REG,TOTAL,MIO_VKM,NO	45285 e	45140 e	44946 e	45466 e	46791 e	47506 e	47065 e	: 	46601 	46907 
A,TOTAL,TERNAT_REG,TOTAL,MIO_VKM,PL	212168 e	217671 e	222106 e	: 	: 	: 	: 	: 	: 	: 
A,TOTAL,TERNAT_REG,TOTAL,MIO_VKM,RO	47322 	49662 	52173 	53694 	55269 	56899 	58589 	60342 	62161 	64051 
A,TOTAL,TERNAT_REG,TOTAL,MIO_VKM,SI	: 	: 	20674 p	20605 	21346 	21886 p	22482 	17612 	19034 b	20508 p
A,TOTAL,TERNAT_REG,TOTAL,MIO_VKM,UK	488784 	500388 	509709 	509709 	: 	: 	573762 	451413 	478874 	521093 
A,TOTAL,TERNAT_REG,TRC,MIO_VKM,BE	4726 b	4826 	4890 	5007 	5262 	: 	: 	: 	: 	: 
A,TOTAL,TERNAT_REG,TRC,MIO_VKM,BG	373.800 	364.200 	377.200 	407.500 	492.400 	446 	356.700 	454.500 	613.300 	557.300 
A,TOTAL,TERNAT_REG,TRC,MIO_VKM,ES	13605 	14434 	16289 	13850 	16823 	17489 	18103 	11778.657 	19703 	19220 
A,TOTAL,TERNAT_REG,TRC,MIO_VKM,FI	: 	: 	: 	: 	: 	534 	514 	517 	531 	539 
A,TOTAL,TERNAT_REG,TRC,MIO_VKM,HU	2274.130 e	2340 e	2570.570 e	2630.950 e	2820.530 e	2951.440 e	2987.440 e	2816.610 	3199.450 e	3243.890 
A,TOTAL,TERNAT_REG,TRC,MIO_VKM,IE	: 	: 	: 	1577 	1575 	1485 	1402 	1289 	1253 	1309 
A,TOTAL,TERNAT_REG,TRC,MIO_VKM,MK	493.400 	524.800 	545 	586 	577 	552 	561 	565.800 	611.900 	630.100 
A,TOTAL,TERNAT_REG,TRC,MIO_VKM,NL	4409 	4478 	4727 	5107 	5200 	5126 	5209 	5364 	5345 	5595 
A,TOTAL,TERNAT_REG,TRC,MIO_VKM,NO	594 e	617 e	634 e	641 e	653 e	681 e	694 e	: 	703 	717 
A,TOTAL,TERNAT_REG,TRC,MIO_VKM,PL	11543 	: 	20461 e	: 	: 	: 	: 	: 	: 	: 
A,TOTAL,TERNAT_REG,TRC,MIO_VKM,UK	13277 	13558 	14244 	14244 	: 	: 	15570 	15049 	16295 	16237 
A,TOTAL,TERNAT_REGNAT,BIKE,MIO_VKM,DK	3070 	3270 	3090 	3000 	2850 	2880 	2830 	2875 	2803 	3042 
A,TOTAL,TERNAT_REGNAT,BIKE,MIO_VKM,NO	943 e	1114 e	1128 e	1138 e	1145 e	1155 e	1580 e	: 	1606 	1629 
A,TOTAL,TERNAT_REGNAT,BIKE,MIO_VKM,PL	: z	: 	: 	: 	: 	: 	: 	: 	: 	: 
A,TOTAL,TERNAT_REGNAT,BUS_MCO_MIN,MIO_VKM,BE	134 e	155 	159 	135 	175 b	: 	: 	: 	: 	: 
A,TOTAL,TERNAT_REGNAT,BUS_MCO_MIN,MIO_VKM,DK	0 	0 	0 	0 	0 	0 	0 	0 	0 	0 
A,TOTAL,TERNAT_REGNAT,BUS_MCO_MIN,MIO_VKM,MT	25.730 e	28.350 e	31.480 e	26.860 e	30.660 e	36.360 e	36.570 e	24 	25.510 	32.130 
A,TOTAL,TERNAT_REGNAT,BUS_MCO_MIN,MIO_VKM,NO	151 e	143 e	135 e	126 e	124 e	125 e	117 e	: 	: 	: 
A,TOTAL,TERNAT_REGNAT,BUS_MCO_MIN,MIO_VKM,SI	: 	: 	8 p	8 	7 	7 p	7 	4 	0 b	0 p
A,TOTAL,TERNAT_REGNAT,BUS_MCO_TRO,MIO_VKM,BE	573 	588 	598 	561 	578 	: 	: 	: 	: 	: 
A,TOTAL,TERNAT_REGNAT,BUS_MCO_TRO,MIO_VKM,BG	449 	439.900 	455.800 	485.900 	446.700 	524.100 	427.600 	320.200 	337.100 	326.800 
A,TOTAL,TERNAT_REGNAT,BUS_MCO_TRO,MIO_VKM,DK	567 	580 	607 	627 	648 	642 	630 	567 	624 	686 
A,TOTAL,TERNAT_REGNAT,BUS_MCO_TRO,MIO_VKM,FR	2952 	2987 	2999 	3060 	2952.018 	2999.066 	3051.004 	2291.922 	2722.795 	2992.360 
A,TOTAL,TERNAT_REGNAT,BUS_MCO_TRO,MIO_VKM,IE	299 	375 	313 	329 	361 	386 	392 	271 	260 	329 
A,TOTAL,TERNAT_REGNAT,BUS_MCO_TRO,MIO_VKM,LV	233.500 	231.300 	228.400 	231 	231.600 	225.400 	215.600 	177.100 	159.700 	169.900 
A,TOTAL,TERNAT_REGNAT,BUS_MCO_TRO,MIO_VKM,MT	51.810 e	64.010 e	73.970 e	72.090 e	71 e	81.930 e	81.440 e	64.300 	59.430 	72.900 
A,TOTAL,TERNAT_REGNAT,BUS_MCO_TRO,MIO_VKM,NL	619 	602 	603 	591 	635 	613 	595 	497 	476 	491 
A,TOTAL,TERNAT_REGNAT,BUS_MCO_TRO,MIO_VKM,NO	576 e	565 e	557 e	561 e	566 e	573 e	576 e	: 	498 	536 
A,TOTAL,TERNAT_REGNAT,BUS_MCO_TRO,MIO_VKM,PL	2011 e	1914 e	1851 e	: 	: 	: 	: 	: 	: 	: 
A,TOTAL,TERNAT_REGNAT,BUS_MCO_TRO,MIO_VKM,PT	353 	346 	376.390 	398.460 	411.690 	441.030 	396.430 	: 	387.940 b	454.660 p
A,TOTAL,TERNAT_REGNAT,BUS_MCO_TRO,MIO_VKM,SI	: 	: 	117 p	118 	121 	123 p	126 	65 	81 b	93 p
A,TOTAL,TERNAT_REGNAT,BUS_MCO_TRO,MIO_VKM,UA	: 	: 	: 	2026 	: 	: 	: 	: 	: 	: 
A,TOTAL,TERNAT_REGNAT,BUS_MCO_TRO,MIO_VKM,UK	4470 	4469 	4253 	4253 	: 	: 	3822 	2598 	: 	: 
A,TOTAL,TERNAT_REGNAT,BUS_TOT,MIO_VKM,BE	360 	358 	360 	359 	329 b	: 	: 	: 	: 	: 
A,TOTAL,TERNAT_REGNAT,BUS_TOT,MIO_VKM,BG	: 	423.700 	440.600 	471.100 	432 	510 	413.500 	306.500 	322.600 	314.700 
A,TOTAL,TERNAT_REGNAT,BUS_TOT,MIO_VKM,LT	221.700 	227.800 	204.500 	210.900 	210.900 	206.400 	206.500 	171.700 	160.600 	190.300 
A,TOTAL,TERNAT_REGNAT,BUS_TOT,MIO_VKM,LV	221.400 	220.100 	217.900 	220.500 	221.200 	215.300 	205.700 	167 	150.400 	161.200 
A,TOTAL,TERNAT_REGNAT,BUS_TOT,MIO_VKM,MT	17.550 e	24.380 e	33.520 e	34.140 e	32.010 e	34.750 e	35.210 e	33 	29.260 	32.850 
A,TOTAL,TERNAT_REGNAT,BUS_TOT,MIO_VKM,NL	500 	482 	478 	461 	493 	469 	464 	445 	423 	401 
A,TOTAL,TERNAT_REGNAT,BUS_TOT,MIO_VKM,NO	342 e	332 e	327 e	339 e	343 e	353 e	363 e	: 	439 	454 
A,TOTAL,TERNAT_REGNAT,BUS_TOT,MIO_VKM,SI	: 	: 	18 p	18 	18 	18 p	18 	13 	17 b	18 p
A,TOTAL,TERNAT_REGNAT,BUS_TOT,MIO_VKM,UA	: 	: 	: 	2026 	: 	: 	: 	: 	: 	: 
A,TOTAL,TERNAT_REGNAT,BUS_TRO,MIO_VKM,BE	0 	0 	0 	0 	0 	: 	: 	: 	: 	: 
A,TOTAL,TERNAT_REGNAT,BUS_TRO,MIO_VKM,BG	: 	16.200 	15.200 	14.800 	14.700 	14.100 	14.100 	13.700 	14.500 	: 
A,TOTAL,TERNAT_REGNAT,BUS_TRO,MIO_VKM,CY	: z	: 	: 	: 	: 	: 	: 	: 	: 	: 
A,TOTAL,TERNAT_REGNAT,BUS_TRO,MIO_VKM,DK	0 	0 	0 	0 	0 	0 	0 	0 	0 	0 
A,TOTAL,TERNAT_REGNAT,BUS_TRO,MIO_VKM,HR	: 	: 	: 	: 	: z	: z	: z	: z	: z	: z
A,TOTAL,TERNAT_REGNAT,BUS_TRO,MIO_VKM,LT	19.800 	19.400 	19.700 	19.700 	19.800 	19.400 	19.700 	18.100 	15 	16.900 
A,TOTAL,TERNAT_REGNAT,BUS_TRO,MIO_VKM,LV	12.100 	11.200 	10.500 	10.500 	10.400 	10.100 	9.900 	10.100 	9.300 	8.700 
A,TOTAL,TERNAT_REGNAT,BUS_TRO,MIO_VKM,MT	: 	: z	0 	0 	: z	: z	: 	: 	0 	: 
A,TOTAL,TERNAT_REGNAT,BUS_TRO,MIO_VKM,SI	: 	: 	0 	0 	0 	0 	0 	0 	0 	0 
A,TOTAL,TERNAT_REGNAT,CAR,MIO_VKM,BE	74771 	74635 	75802 	75875 	73180 	: 	: 	: 	: 	: 
A,TOTAL,TERNAT_REGNAT,CAR,MIO_VKM,CH	47682 	48228 	48802 	49595 	50268 	50553 	50717 	43684 	45971 	47962 
A,TOTAL,TERNAT_REGNAT,CAR,MIO_VKM,DK	36042 	37263 	38604 	39858 	40569 	41223 	41882 	38704 	40313 	41221 
A,TOTAL,TERNAT_REGNAT,CAR,MIO_VKM,FR	431070 	438099 	445186 	452785 	468816.600 	466656.900 	469116.700 	382149 	414343.300 	455257 
A,TOTAL,TERNAT_REGNAT,CAR,MIO_VKM,IE	32904 	32324 	35874 	37488 	38039 	36817 	36300 	26654 	30677 	35583 
A,TOTAL,TERNAT_REGNAT,CAR,MIO_VKM,IT	437085 e	: 	: 	: 	: 	: 	: 	: 	: 	: 
A,TOTAL,TERNAT_REGNAT,CAR,MIO_VKM,LT	16940 	12658.100 	13196.800 	14049.200 	16822.800 	17487 	: 	: 	: 	: 
A,TOTAL,TERNAT_REGNAT,CAR,MIO_VKM,LV	8381.700 	9018.400 	9673.300 	9924.100 	10699.200 	10897.600 	11072 	10553.500 	9596.800 	9067.200 
A,TOTAL,TERNAT_REGNAT,CAR,MIO_VKM,MT	1899.650 e	2485.470 e	2556.520 e	2500.060 e	2333.170 e	2395.950 	2408.390 e	1878.600 	2290.310 	2321.010 
A,TOTAL,TERNAT_REGNAT,CAR,MIO_VKM,NL	98483 	98707 	99969 	102394 	103516 	103786 	103493 	89306 	92812 	97505 
A,TOTAL,TERNAT_REGNAT,CAR,MIO_VKM,NO	33592 e	33503 e	33981 e	34500 e	35053 e	35629 e	35149 e	: 	34747 	34957 
A,TOTAL,TERNAT_REGNAT,CAR,MIO_VKM,PL	161113 e	: 	: 	: 	: 	: 	: 	: 	: 	: 
A,TOTAL,TERNAT_REGNAT,CAR,MIO_VKM,SI	: 	: 	16220 p	15849 	16448 	16828 p	17120 	14080 	14430 b	15718 p
A,TOTAL,TERNAT_REGNAT,CAR,MIO_VKM,UA	: 	: 	: 	3769 	: 	: 	: 	: 	: 	: 
A,TOTAL,TERNAT_REGNAT,CAR,MIO_VKM,UK	385300 	392471 	397711 	397711 	: 	: 	447077 	336726 	: 	: 
A,TOTAL,TERNAT_REGNAT,LOR,MIO_VKM,BE	12072 	12288 	12554 	12946 	12618 	: 	: 	: 	: 	: 
A,TOTAL,TERNAT_REGNAT,LOR,MIO_VKM,BG	: 	595.600 	598.100 	556.300 	510.500 	456.500 	345.300 	422.800 	460 	387.600 
A,TOTAL,TERNAT_REGNAT,LOR,MIO_VKM,DK	8226 	8112 	8099 	8137 	8217 	8141 	7993 	7631 	7978 	8170 
A,TOTAL,TERNAT_REGNAT,LOR,MIO_VKM,ES	: 	20589 	23397 	: 	: 	: 	: 	: 	: 	: 
A,TOTAL,TERNAT_REGNAT,LOR,MIO_VKM,IE	6320 	6999 	7021 	7410 	7785 	7891 	8023 	7283 	8812 	9356 
A,TOTAL,TERNAT_REGNAT,LOR,MIO_VKM,LT	623.800 	610.400 	531.900 	561.100 	516.900 	525.900 	530.700 	520.900 	494.300 	375.700 
A,TOTAL,TERNAT_REGNAT,LOR,MIO_VKM,LV	2581.500 	1698.300 	1712.400 	1701.800 	1757.200 	1772.900 	1815.600 	1899.700 	1625.300 	1583.400 
A,TOTAL,TERNAT_REGNAT,LOR,MIO_VKM,MT	430.670 e	502.900 e	507.250 e	532.420 e	437.340 e	495.100 e	490.450 e	440.300 	479.480 	470.860 
A,TOTAL,TERNAT_REGNAT,LOR,MIO_VKM,NL	17729 	17647 	17920 	18379 	19022 	19206 	19614 	19275 	19944 	20243 
A,TOTAL,TERNAT_REGNAT,LOR,MIO_VKM,NO	9193 e	9119 e	8430 e	8404 e	8488 e	8587 e	8615 e	: 	8634 	8673 
A,TOTAL,TERNAT_REGNAT,LOR,MIO_VKM,PL	20226 e	: 	: 	: 	: 	: 	: 	: 	: 	: 
A,TOTAL,TERNAT_REGNAT,LOR,MIO_VKM,SI	: 	: 	1418 p	1644 	1675 	1740 p	1952 	1780 	2211 b	2265 p
A,TOTAL,TERNAT_REGNAT,LOR,MIO_VKM,UA	: 	: 	: 	5719 	: 	: 	: 	: 	: 	: 
A,TOTAL,TERNAT_REGNAT,LOR,MIO_VKM,UK	79962 	83954 	87239 	: 	: 	: 	100997 	91854 	: 	: 
A,TOTAL,TERNAT_REGNAT,LOR_GT3P5-6,MIO_VKM,LT	37 	16.800 	23.500 	24.400 	23.200 	15.500 	19.900 	37 	23.500 	16 
A,TOTAL,TERNAT_REGNAT,LOR_GT3P5-6,MIO_VKM,LV	104.900 	90.800 	82.900 	22.300 	25.100 	23.400 	21.400 	25.200 	15.700 	13.300 
A,TOTAL,TERNAT_REGNAT,LOR_GT3P5-6,MIO_VKM,MT	64.090 e	67.010 e	58.410 e	69.750 e	54.250 e	59.830 e	59.500 e	57.300 	60.100 	61.010 
A,TOTAL,TERNAT_REGNAT,LOR_GT3P5-6,MIO_VKM,NO	196 e	165 e	144 e	104 e	84 e	69 e	61 e	: 	51 	49 
A,TOTAL,TERNAT_REGNAT,LOR_GT3P5-6,MIO_VKM,PT	21 	16 	14.790 	8.700 	7.970 	15.640 	17.080 	15.080 e	12.350 	8.200 
A,TOTAL,TERNAT_REGNAT,LOR_GT6,MIO_VKM,BG	682.400 	595.600 	598.100 	556.300 	510.500 	456.500 	345.300 	422.800 	460 	387.600 
A,TOTAL,TERNAT_REGNAT,LOR_GT6,MIO_VKM,LT	256 	272.200 	239.700 	241.500 	252.100 	257.500 	284.500 	296.900 	263.200 	202.300 
A,TOTAL,TERNAT_REGNAT,LOR_GT6,MIO_VKM,LV	1424.400 	445 	410 	431.900 	451.400 	466.100 	456.800 	485.500 	412.200 	383.700 
A,TOTAL,TERNAT_REGNAT,LOR_GT6,MIO_VKM,MT	53.450 e	60.870 e	46.540 e	64.120 e	40.930 e	57.470 e	57.430 e	53.700 	53.700 	50.620 
A,TOTAL,TERNAT_REGNAT,LOR_GT6,MIO_VKM,NO	1929 e	1368 e	1347 e	1330 e	1345 e	1356 e	1374 e	: 	1326 	1350 
A,TOTAL,TERNAT_REGNAT,LOR_GT6,MIO_VKM,PT	702 	645 	676.670 	575.330 	543.850 	503.900 	495.550 	432.930 e	479.520 	433.996 
A,TOTAL,TERNAT_REGNAT,LOR_LE3P5,MIO_VKM,BE	9888 	10220 	10540 	11018 	10767 	: 	: 	: 	: 	: 
A,TOTAL,TERNAT_REGNAT,LOR_LE3P5,MIO_VKM,DK	7239 	7139 	7136 	7173 	7240 	7168 	7025 	6673 	6980 	7186 
A,TOTAL,TERNAT_REGNAT,LOR_LE3P5,MIO_VKM,ES	: 	6818 	7573 	: 	: 	: 	: 	: 	: 	: 
A,TOTAL,TERNAT_REGNAT,LOR_LE3P5,MIO_VKM,LT	330.800 	321.300 	268.800 	295.200 	241.500 	252.900 	226.300 	187 	207.600 	157.400 
A,TOTAL,TERNAT_REGNAT,LOR_LE3P5,MIO_VKM,LV	1052.200 	1162.500 	1219.500 	1247.600 	1280.700 	1283.400 	1337.400 	1389 	1195.400 	1186.400 
A,TOTAL,TERNAT_REGNAT,LOR_LE3P5,MIO_VKM,MT	313.120 e	375.020 e	402.070 e	407.980 e	342.150 e	379.790 e	379.050 e	329.300 	365.680 	359.240 
A,TOTAL,TERNAT_REGNAT,LOR_LE3P5,MIO_VKM,NL	15657 	15644 	15883 	16407 	16909 	17225 	17664 	17365 	18078 	18377 
A,TOTAL,TERNAT_REGNAT,LOR_LE3P5,MIO_VKM,NO	7068 e	7006 e	6939 e	6970 e	7059 e	7162 e	7180 e	: 	7257 	7274 
A,TOTAL,TERNAT_REGNAT,LOR_LE3P5,MIO_VKM,PL	12957 e	: 	: 	: 	: 	: 	: 	: 	: 	: 
A,TOTAL,TERNAT_REGNAT,LOR_LE3P5,MIO_VKM,SI	: 	: 	1062 p	1273 	1287 	1351 p	1568 	1397 	1715 b	1776 p
A,TOTAL,TERNAT_REGNAT,LOR_LE3P5,MIO_VKM,UK	68304 	72087 	75141 	: 	: 	: 	88932 	80827 	: 	: 
A,TOTAL,TERNAT_REGNAT,MCO,MIO_VKM,BE	79 	75 	80 	68 	74 	: 	: 	: 	: 	: 
A,TOTAL,TERNAT_REGNAT,MCO,MIO_VKM,MT	8.520 e	11.280 e	8.980 e	11.100 e	8.330 e	10.820 e	9.660 e	7.300 	4.660 	7.910 
A,TOTAL,TERNAT_REGNAT,MCO,MIO_VKM,NL	119 	120 	125 	130 	142 	144 	132 	52 	53 	90 
A,TOTAL,TERNAT_REGNAT,MCO,MIO_VKM,NO	83 e	90 e	95 e	96 e	99 e	95 e	96 e	: 	59 	82 
A,TOTAL,TERNAT_REGNAT,MCO,MIO_VKM,SI	: 	: 	92 p	92 	96 	98 p	101 	48 	64 b	76 p
A,TOTAL,TERNAT_REGNAT,MOP,MIO_VKM,DK	68 	65 	63 	61 	59 	56 	49 	44 	41 	39 
A,TOTAL,TERNAT_REGNAT,MOP,MIO_VKM,IT	5711 e	: 	: 	: 	: 	: 	: 	: 	: 	: 
A,TOTAL,TERNAT_REGNAT,MOP,MIO_VKM,LV	46.600 	44.400 	44 	44.500 	47.500 	45.900 	39.800 	44.200 	45.900 	37.700 
A,TOTAL,TERNAT_REGNAT,MOP,MIO_VKM,MT	: 	: 	: 	0.710 e	0.380 e	0.770 	1.640 e	: 	: 	: 
A,TOTAL,TERNAT_REGNAT,MOP,MIO_VKM,NL	2285 	2313 	2348 	2406 	2496 	2522 	2552 	: 	: 	: 
A,TOTAL,TERNAT_REGNAT,MOP,MIO_VKM,NO	567 e	571 e	575 e	576 e	566 e	542 e	521 e	: 	: 	: 
A,TOTAL,TERNAT_REGNAT,MOTO,MIO_VKM,DK	450 	453 	457 	465 	472 	479 	484 	491 	500 	504 
A,TOTAL,TERNAT_REGNAT,MOTO,MIO_VKM,IT	29424 e	: 	: 	: 	: 	: 	: 	: 	: 	: 
A,TOTAL,TERNAT_REGNAT,MOTO,MIO_VKM,LT	277.500 	113.100 	143.200 	158 	204.800 	214.800 	: 	: 	: 	: 
A,TOTAL,TERNAT_REGNAT,MOTO,MIO_VKM,LV	55.100 	51.800 	50 	50.400 	53.400 	61.300 	57.500 	66.500 	63.900 	55.700 
A,TOTAL,TERNAT_REGNAT,MOTO,MIO_VKM,MT	: 	: 	: 	88.650 e	87.950 e	89.330 	118.010 e	: 	: 	: 
A,TOTAL,TERNAT_REGNAT,MOTO,MIO_VKM,NL	2210 	2166 	2127 	2136 	2153 	2167 	2210 	: 	: 	: 
A,TOTAL,TERNAT_REGNAT,MOTO,MIO_VKM,NO	796 e	823 e	879 e	899 e	933 e	954 e	973 e	: 	: 	: 
A,TOTAL,TERNAT_REGNAT,MOTO_MOP,MIO_VKM,DK	518 	518 	520 	526 	531 	535 	533 	535 	541 	543 
A,TOTAL,TERNAT_REGNAT,MOTO_MOP,MIO_VKM,FR	11041 	11076 	11134 	11211 	11273 	11340 	11340 	9583 	9822 	11069.466 
A,TOTAL,TERNAT_REGNAT,MOTO_MOP,MIO_VKM,IE	103 	103 	102 	104 	108 	109 	114 	101 	111 	114 
A,TOTAL,TERNAT_REGNAT,MOTO_MOP,MIO_VKM,IT	35135 e	: 	: 	: 	: 	: 	: 	: 	: 	: 
A,TOTAL,TERNAT_REGNAT,MOTO_MOP,MIO_VKM,LV	101.700 	96.200 	94 	94.900 	100.900 	107.200 	97.300 	110.700 	109.800 	93.400 
A,TOTAL,TERNAT_REGNAT,MOTO_MOP,MIO_VKM,MT	: 	: 	: 	89.360 e	88.330 e	90.110 	119.650 e	: 	: 	: 
A,TOTAL,TERNAT_REGNAT,MOTO_MOP,MIO_VKM,NL	4495 	4479 	4475 	4542 	4649 	4689 	4762 	: 	: 	: 
A,TOTAL,TERNAT_REGNAT,MOTO_MOP,MIO_VKM,NO	1363 e	1395 e	1455 e	1475 e	1499 e	1496 e	1495 e	: 	: 	: 
A,TOTAL,TERNAT_REGNAT,MOTO_MOP,MIO_VKM,PL	4048 e	3840 e	3666 e	: 	: 	: 	: 	: 	: 	: 
A,TOTAL,TERNAT_REGNAT,MOTO_MOP,MIO_VKM,SI	: 	: 	227 p	200 	214 	217 p	222 	196 	197 b	191 p
A,TOTAL,TERNAT_REGNAT,RDMVEH_OTH,MIO_VKM,DK	0 	: 	: 	0 	0 	0 	0 	0 	0 	0 
A,TOTAL,TERNAT_REGNAT,RDMVEH_OTH,MIO_VKM,IE	787 	999 	881 	867 	886 	857 	841 	639 	384 	913 
A,TOTAL,TERNAT_REGNAT,RDMVEH_OTH,MIO_VKM,MT	26.890 e	40.510 e	40.760 e	35.270 e	29.360 e	40.800 e	40.110 e	34.600 	1.990 	33.520 
A,TOTAL,TERNAT_REGNAT,RDMVEH_OTH,MIO_VKM,NL	379 	370 	370 	385 	390 	385 	387 	364 	404 	421 
A,TOTAL,TERNAT_REGNAT,RDMVEH_OTH,MIO_VKM,NO	1371 e	: 	: 	: 	: 	: 	: 	: 	: 	: 
A,TOTAL,TERNAT_REGNAT,RDMVEH_OTH,MIO_VKM,PL	1044 	936 e	: 	: 	: 	: 	: 	: 	: 	: 
A,TOTAL,TERNAT_REGNAT,TOTAL,MIO_VKM,BE	89780 	89973 	90945 	91135 	88143 	: 	: 	: 	: 	: 
A,TOTAL,TERNAT_REGNAT,TOTAL,MIO_VKM,DK	46360 	47519 	48887 	50256 	51105 	51718 	52236 	48652 	50735 	51871 
A,TOTAL,TERNAT_REGNAT,TOTAL,MIO_VKM,FR	548494 	556467 	564315 	573727 	593959.303 	594085.323 	598318.871 	496964.325 	538991.256 	583542.005 
A,TOTAL,TERNAT_REGNAT,TOTAL,MIO_VKM,IE	41757 	42447 	45790 	47775 	48754 	47545 	47072 	36237 	41878 	47604 
A,TOTAL,TERNAT_REGNAT,TOTAL,MIO_VKM,LV	11298.400 	12035.600 	12779.300 	13099.700 	14039.600 	14293.800 	14458.800 	13975 	12671.900 	12052.100 
A,TOTAL,TERNAT_REGNAT,TOTAL,MIO_VKM,MT	2454.690 e	3232.790 e	3311.350 e	3270.217 e	2975.980 e	3119.330 e	3065.760 e	2438.500 	2853.990 	2918.720 
A,TOTAL,TERNAT_REGNAT,TOTAL,MIO_VKM,NL	125554 	125707 	127362 	130715 	132667 	133063 	133307 	114023 	118180 	123445 
A,TOTAL,TERNAT_REGNAT,TOTAL,MIO_VKM,NO	44724 e	44582 e	44423 e	44940 e	46220 e	46925 e	46487 e	: 	46035 	46335 
A,TOTAL,TERNAT_REGNAT,TOTAL,MIO_VKM,PL	199818 e	: 	: 	: 	: 	: 	: 	: 	: 	: 
A,TOTAL,TERNAT_REGNAT,TOTAL,MIO_VKM,SI	: 	: 	17982 p	17811 	18457 	18907 p	19421 	16121 	16918 b	18267 p
A,TOTAL,TERNAT_REGNAT,TOTAL,MIO_VKM,UK	486902 	498464 	507223 	507223 	: 	: 	571689 	449627 	: 	: 
A,TOTAL,TERNAT_REGNAT,TRC,MIO_VKM,BE	2365 	2462 	1991 	1752 	1767 	: 	: 	: 	: 	: 
A,TOTAL,TERNAT_REGNAT,TRC,MIO_VKM,BG	373.800 	364.200 	377.200 	407.500 	492.400 	446 	356.700 	454.500 	613.300 	557.300 
A,TOTAL,TERNAT_REGNAT,TRC,MIO_VKM,DK	1007 	1045 	1057 	1109 	1140 	1179 	1198 	1216 	1278 	1251 
A,TOTAL,TERNAT_REGNAT,TRC,MIO_VKM,IE	1344 	1647 	1598 	1577 	1575 	1485 	1402 	1289 	1253 	1309 
A,TOTAL,TERNAT_REGNAT,TRC,MIO_VKM,LT	135.700 	156.300 	170.900 	176.800 	177.600 	191 	183.400 	196 	190.300 	158.600 
A,TOTAL,TERNAT_REGNAT,TRC,MIO_VKM,LV	: 	991.400 	1071.200 	1146.900 	1250.700 	1290.700 	1258.300 	1234 	1180.300 	1138.200 
A,TOTAL,TERNAT_REGNAT,TRC,MIO_VKM,MT	: 	: 	: 	35.670 e	11.890 e	26.700 e	25.730 e	20.700 	22.780 	20.430 
A,TOTAL,TERNAT_REGNAT,TRC,MIO_VKM,NL	3848 	3903 	4109 	4424 	4455 	4384 	4456 	4581 	4544 	4785 
A,TOTAL,TERNAT_REGNAT,TRC,MIO_VKM,NO	558 e	580 e	596 e	603 e	614 e	640 e	652 e	: 	661 	674 
A,TOTAL,TERNAT_REGNAT,TRC,MIO_VKM,PL	11376 	: 	: 	: 	: 	: 	: 	: 	: 	: 
A,TOTAL,TERNAT_REGNAT,TRC,MIO_VKM,PT	772 	742 	734.870 	733.500 	758.200 	772.140 	743.130 	619.790 e	668.170 	663.220 
A,TOTAL,TERNAT_REGNAT,TRC,MIO_VKM,UK	12841 	13112 	13558 	13558 	: 	: 	15008 	14500 	: 	: 
A,TOTAL,TER_REGNAT,BUS_MCO_TRO,MIO_VKM,BE	633 	646 	659 	614 b	614 	: 	: 	: 	: 	: 
A,TOTAL,TER_REGNAT,BUS_MCO_TRO,MIO_VKM,BG	: 	474.100 	512.800 	577.700 	: 	: 	: 	329.100 	353 	360 
A,TOTAL,TER_REGNAT,BUS_MCO_TRO,MIO_VKM,CZ	: 	: 	: 	: 	: 	: 	: 	: 	: 	866.996 e
A,TOTAL,TER_REGNAT,BUS_MCO_TRO,MIO_VKM,DE	4130 e	4240 e	4378 e	4515 e	4477 e	4486 e	4540 e	4164 e	4029 e	4230 e
A,TOTAL,TER_REGNAT,BUS_MCO_TRO,MIO_VKM,EE	: 	161 e	175 e	206.400 e	237.800 	235.100 e	221.500 e	216.300 	231.400 	239.800 
A,TOTAL,TER_REGNAT,BUS_MCO_TRO,MIO_VKM,FI	: 	: 	: 	: 	: 	614 	601 	523 	461 	: 
A,TOTAL,TER_REGNAT,BUS_MCO_TRO,MIO_VKM,FR	2896.200 	2923.661 	2974.090 	3037.750 	2953.894 	3000.744 	3052.906 	2294.052 	2725.423 	2994.735 
A,TOTAL,TER_REGNAT,BUS_MCO_TRO,MIO_VKM,HR	: 	276 	304 	328 	335 	351 	277 	198 	207 	: 
A,TOTAL,TER_REGNAT,BUS_MCO_TRO,MIO_VKM,IE	299 	375 	313 	329 	361 	386 	392 	271 	260 	329 
A,TOTAL,TER_REGNAT,BUS_MCO_TRO,MIO_VKM,IS	: 	: 	: 	: 	18 	148 	20 	22 	: 	: 
A,TOTAL,TER_REGNAT,BUS_MCO_TRO,MIO_VKM,LT	247.900 	254.600 	235.300 	243.500 	249.700 	246.700 	250.300 	183.600 	168.900 	211 
A,TOTAL,TER_REGNAT,BUS_MCO_TRO,MIO_VKM,LV	221.400 	231.300 	228.400 	220.500 	231.600 	225.400 	215.600 	177.100 	159.700 	169.900 
A,TOTAL,TER_REGNAT,BUS_MCO_TRO,MIO_VKM,MK	49.147 	72.649 	105.897 	85.666 	91.567 	114.751 	123.745 	47.922 	50.176 	51.236 
A,TOTAL,TER_REGNAT,BUS_MCO_TRO,MIO_VKM,MT	50.900 e	58.900 e	26.970 e	46.800 e	41.480 e	42.440 e	45.950 e	40.300 	33.920 	72.895 
A,TOTAL,TER_REGNAT,BUS_MCO_TRO,MIO_VKM,NL	699 	673 	672 	657 	696 	674 	661 	523 	497 	501 
A,TOTAL,TER_REGNAT,BUS_MCO_TRO,MIO_VKM,NO	583 e	572 e	564 e	568 e	577 e	580 e	583 e	: 	501 	536 
A,TOTAL,TER_REGNAT,BUS_MCO_TRO,MIO_VKM,PT	405 	389 	419.490 	450.560 	455.460 	482.280 	: 	: 	: 	: 
A,TOTAL,TER_REGNAT,BUS_MCO_TRO,MIO_VKM,SE	963 	958 	974 	981 	992 	995 	992 	908.913 	887.069 	928.870 
A,TOTAL,TER_REGNAT,BUS_MCO_TRO,MIO_VKM,SI	: 	: 	139 p	137 	141 	139 p	141 	76 	100 	121 p
A,TOTAL,TER_REGNAT,BUS_MCO_TRO,MIO_VKM,TR	: 	: 	: 	: 	: 	23871 	21777 	19989.846 	24392.292 	: 
A,TOTAL,TER_REGNAT,BUS_MCO_TRO,MIO_VKM,UK	4470 	4469 	: 	4304 	: 	: 	3822 	2598 	: 	: 
A,TOTAL,TER_REGNAT,BUS_TOT,MIO_VKM,BE	333 	331 	332 	332 	329 	: 	: 	: 	: 	: 
A,TOTAL,TER_REGNAT,BUS_TOT,MIO_VKM,BG	: 	474.100 	512.800 	577.700 	: 	: 	: 	329.100 	353 	360 
A,TOTAL,TER_REGNAT,BUS_TOT,MIO_VKM,CZ	: 	: 	: 	: 	: 	: 	: 	: 	: 	852.287 e
A,TOTAL,TER_REGNAT,BUS_TOT,MIO_VKM,DE	4130 e	4240 e	4378 e	4515 e	4477 e	4486 e	4540 e	4164 e	4029 e	4230 e
A,TOTAL,TER_REGNAT,BUS_TOT,MIO_VKM,FR	856.039 	881.670 	922.632 	932.814 	891.448 	936.217 	994.789 	910.524 	1065.127 	1080.228 
A,TOTAL,TER_REGNAT,BUS_TOT,MIO_VKM,IE	: 	: 	: 	: 	361 	: 	: 	: 	: 	: 
A,TOTAL,TER_REGNAT,BUS_TOT,MIO_VKM,IS	: 	: 	: 	: 	12 	148 	: 	21 	: 	: 
A,TOTAL,TER_REGNAT,BUS_TOT,MIO_VKM,LV	221.400 	220.100 	217.900 	220.500 	221.200 	215.300 	205.700 	167 	150.400 	161.200 
A,TOTAL,TER_REGNAT,BUS_TOT,MIO_VKM,MT	17.350 e	19.890 e	22.140 e	35.400 e	32.420 e	32.400 e	35.470 e	33 	29.260 	32.850 
A,TOTAL,TER_REGNAT,BUS_TOT,MIO_VKM,NL	503 	485 	480 	465 	495 	471 	466 	446 	425 	424 
A,TOTAL,TER_REGNAT,BUS_TOT,MIO_VKM,NO	342 e	332 e	327 e	469 e	474 e	468 e	460 e	: 	439 	454 
A,TOTAL,TER_REGNAT,BUS_TOT,MIO_VKM,SI	: 	: 	139 p	124 	129 	128 p	130 	70 	91 	112 p
A,TOTAL,TER_REGNAT,BUS_TRO,MIO_VKM,BE	: 	0 	0 	0 	0 	: 	: 	: 	: 	: 
A,TOTAL,TER_REGNAT,BUS_TRO,MIO_VKM,BG	: 	16.200 	15.200 	14.800 	: 	: 	: 	13.700 	14.500 	12.100 
A,TOTAL,TER_REGNAT,BUS_TRO,MIO_VKM,HR	: 	: z	: z	: z	: z	: z	: z	: z	: z	: 
A,TOTAL,TER_REGNAT,BUS_TRO,MIO_VKM,IE	: 	: 	: 	: 	: z	: 	: 	: 	: 	: 
A,TOTAL,TER_REGNAT,BUS_TRO,MIO_VKM,LT	19.800 	19.400 	19.700 	19.700 	19.800 	19.400 	19.700 	18.100 	15 	16.900 
A,TOTAL,TER_REGNAT,BUS_TRO,MIO_VKM,LV	12.100 	11.200 	10.500 	10.500 	10.400 	10.100 	9.900 	10.100 	9.300 	8.700 
A,TOTAL,TER_REGNAT,BUS_TRO,MIO_VKM,MT	: z	: z	0 	0 	0 	0 	: z	: 	0 	0 
A,TOTAL,TER_REGNAT,BUS_TRO,MIO_VKM,SI	: 	: 	0 	0 	0 	0 	0 	0 	0 	0 
A,TOTAL,TER_REGNAT,LOR,MIO_VKM,BE	13031 	13331 	13662 	14086 	14469 	: 	: 	: 	: 	: 
A,TOTAL,TER_REGNAT,LOR,MIO_VKM,BG	: 	795.800 	861.500 	769.600 	: 	: 	: 	569 	598 	497 
A,TOTAL,TER_REGNAT,LOR,MIO_VKM,CZ	: 	: 	: 	: 	: 	: 	: 	: 	: 	16938.493 e
A,TOTAL,TER_REGNAT,LOR,MIO_VKM,DE	55928 e	57496 e	59721 e	62320 e	64277 e	65936 e	67284 e	68137 e	69327 e	70863 e
A,TOTAL,TER_REGNAT,LOR,MIO_VKM,EE	: 	1060.800 e	1281 e	1462.600 e	1643.300 	1981.900 e	1993.700 e	1720.300 	1885.600 	1695.900 
A,TOTAL,TER_REGNAT,LOR,MIO_VKM,FI	: 	: 	: 	: 	: 	9104 	9068 	8928 	9073 	8788 
A,TOTAL,TER_REGNAT,LOR,MIO_VKM,FR	70911.535 	71399.656 	71899.369 	73144.004 	73710.248 	75279.400 	76601.446 	69327.975 	76252.905 	77240.749 
A,TOTAL,TER_REGNAT,LOR,MIO_VKM,GE	: 	: 	: 	: 	99929 	101346 	101951 	104378 	108728 	111171 
A,TOTAL,TER_REGNAT,LOR,MIO_VKM,IE	6320 	6999 	7021 	7410 	7785 	7891 	8023 	7283 	8812 	9356 
A,TOTAL,TER_REGNAT,LOR,MIO_VKM,IS	: 	: 	: 	: 	266 	167 	583 	259 	: 	: 
A,TOTAL,TER_REGNAT,LOR,MIO_VKM,LT	1000.500 	1004.500 	860 	972.700 	1049.400 	1090.800 	1193.300 	1160.300 	1164 	965.700 
A,TOTAL,TER_REGNAT,LOR,MIO_VKM,LV	2581.500 	1698.300 	1712.400 	1701.800 	1757.200 	1772.900 	1815.600 	1899.700 	1625.200 	1583.400 
A,TOTAL,TER_REGNAT,LOR,MIO_VKM,MK	625 	855 	860 	904 	902 	959 	835 	837 	895.964 	1051.425 
A,TOTAL,TER_REGNAT,LOR,MIO_VKM,MT	426.510 e	499.560 e	373.380 	567.950 e	562.840 e	533.710 e	490.450 e	440.300 	479.480 	470.862 
A,TOTAL,TER_REGNAT,LOR,MIO_VKM,NL	19042 	18945 	19139 	19732 	20230 	20411 	20849 	20473 	21179 	20985 
A,TOTAL,TER_REGNAT,LOR,MIO_VKM,NO	9399 e	9325 e	9251 e	8566 e	8676 e	8750 e	8780 e	: 	8795 	8835 
A,TOTAL,TER_REGNAT,LOR,MIO_VKM,SE	12130 	12320 	12535 	12894 	13239 	13607 	13503 	12827.112 	13214.963 	13267.469 
A,TOTAL,TER_REGNAT,LOR,MIO_VKM,SI	: 	: 	3532 p	3660 	3958 	4261 p	4444 	4250 	4547 	4542 p
A,TOTAL,TER_REGNAT,LOR,MIO_VKM,TR	: 	: 	: 	: 	: 	99538 	100334 	104287.926 	111960.807 	: 
A,TOTAL,TER_REGNAT,LOR,MIO_VKM,UK	79962 	83954 	: 	87293 	: 	: 	100997 	91854 	: 	: 
A,TOTAL,TER_REGNAT,LOR_GT3P5-6,MIO_VKM,CZ	: 	: 	: 	: 	: 	: 	: 	: 	: 	1224.379 e
A,TOTAL,TER_REGNAT,LOR_GT3P5-6,MIO_VKM,FR	65.611 	65.757 	66.154 	62.546 	64.865 	64.101 	63.950 	58.083 	74.373 	82.094 
A,TOTAL,TER_REGNAT,LOR_GT3P5-6,MIO_VKM,LT	37.700 	17.500 	23.500 	28 	23.800 	15.500 	20.100 	37 	23.500 	39.200 
A,TOTAL,TER_REGNAT,LOR_GT3P5-6,MIO_VKM,LV	104.900 	90.800 	82.900 	22.300 	25.100 	23.400 	21.400 	25.200 	15.700 	13.300 
A,TOTAL,TER_REGNAT,LOR_GT3P5-6,MIO_VKM,MT	63.940 e	66.440 e	41.040 	71.550 e	65.720 e	61.370 e	59.510 e	57.300 	60.100 	61.005 
A,TOTAL,TER_REGNAT,LOR_GT3P5-6,MIO_VKM,NO	209 e	176 e	153 e	111 e	90 e	73 e	65 e	: 	54 	52 
A,TOTAL,TER_REGNAT,LOR_GT3P5-6,MIO_VKM,PT	21 	16 	14.850 	8.700 	7.970 	16.410 	17.080 	15.480 e	12.540 	8.200 
A,TOTAL,TER_REGNAT,LOR_GT3P5-6,MIO_VKM,SE	78 	76 	75 	71 	65 	64 	62 	61.477 	61.869 	62.530 
A,TOTAL,TER_REGNAT,LOR_GT6,MIO_VKM,BG	: 	795.800 	861.500 	769.600 	: 	: 	: 	569 	598 	497 
A,TOTAL,TER_REGNAT,LOR_GT6,MIO_VKM,CZ	: 	: 	: 	: 	: 	: 	: 	: 	: 	6067.218 e
A,TOTAL,TER_REGNAT,LOR_GT6,MIO_VKM,FR	8666.793 	8494.513 	8368.167 	8421.613 	8402.929 	8401.619 	8447.976 	7650.364 	8188.744 	8203.452 
A,TOTAL,TER_REGNAT,LOR_GT6,MIO_VKM,LT	585.700 	630.100 	543.100 	604.500 	726.900 	776.900 	898.400 	901.600 	913.600 	748 
A,TOTAL,TER_REGNAT,LOR_GT6,MIO_VKM,LV	1424.400 	445 	410 	431.900 	451.400 	466.100 	456.800 	485.500 	414.100 	383.700 
A,TOTAL,TER_REGNAT,LOR_GT6,MIO_VKM,MT	52.450 e	57.510 e	24.800 	68.730 e	65.360 e	62.380 e	57.430 e	53.700 	53.700 	50.620 
A,TOTAL,TER_REGNAT,LOR_GT6,MIO_VKM,NO	2052 e	2072 e	2067 e	1415 e	1441 e	1443 e	1462 e	: 	1411 	1436 
A,TOTAL,TER_REGNAT,LOR_GT6,MIO_VKM,PT	770 	713 	745.980 	630.500 	595.230 	553.440 	542.560 	460.550 e	541.360 	481.290 
A,TOTAL,TER_REGNAT,LOR_GT6,MIO_VKM,SE	3943 	3941 	3957 	4016 	4107 	4147 	4115 	3337.804 	3469.413 	3531.758 
A,TOTAL,TER_REGNAT,LOR_LE3P5,MIO_VKM,BE	10753 	11109 	11456 	11976 	12407 	: 	: 	: 	: 	: 
A,TOTAL,TER_REGNAT,LOR_LE3P5,MIO_VKM,CZ	: 	: 	: 	: 	: 	: 	: 	: 	: 	9646.896 e
A,TOTAL,TER_REGNAT,LOR_LE3P5,MIO_VKM,DE	38675 e	40981 e	43189 e	45341 e	47484 e	49549 e	51318 e	53028 e	54732 e	56500 e
A,TOTAL,TER_REGNAT,LOR_LE3P5,MIO_VKM,FI	: 	: 	: 	: 	: 	5693 	5726 	5667 	5777 	5598 
A,TOTAL,TER_REGNAT,LOR_LE3P5,MIO_VKM,FR	62179.131 	62839.386 	63465.049 	64659.845 	65242.454 	66813.681 	68089.520 	61619.528 	67989.789 	68955.203 
A,TOTAL,TER_REGNAT,LOR_LE3P5,MIO_VKM,IS	: 	: 	: 	: 	185 	157 	153 	189 	: 	: 
A,TOTAL,TER_REGNAT,LOR_LE3P5,MIO_VKM,LT	377.100 	356.900 	293.500 	340.200 	298.700 	298.400 	274.800 	221.700 	226.900 	178.500 
A,TOTAL,TER_REGNAT,LOR_LE3P5,MIO_VKM,LV	1052.200 	1162.500 	1219.500 	1247.600 	1280.700 	1283.400 	1337.400 	1389 	1195.400 	1186.400 
A,TOTAL,TER_REGNAT,LOR_LE3P5,MIO_VKM,MT	310.110 e	374.400 e	307.540 	427.670 e	431.760 e	409.970 e	373.520 e	329.300 	365.680 	359.237 
A,TOTAL,TER_REGNAT,LOR_LE3P5,MIO_VKM,NL	16309 	16296 	16544 	17144 	17668 	17961 	18439 	18108 	18832 	18636 
A,TOTAL,TER_REGNAT,LOR_LE3P5,MIO_VKM,NO	7139 e	7077 e	7031 e	7040 e	7145 e	7234 e	7253 e	: 	7330 	7347 
A,TOTAL,TER_REGNAT,LOR_LE3P5,MIO_VKM,SE	8109 	8303 	8503 	8807 	9067 	9396 	9327 	9427.832 	9683.681 	9673.182 
A,TOTAL,TER_REGNAT,LOR_LE3P5,MIO_VKM,SI	: 	: 	1654 p	1635 	1755 	1866 p	1940 	1813 	1978 	2047 p
A,TOTAL,TER_REGNAT,LOR_LE3P5,MIO_VKM,TR	: 	: 	: 	: 	: 	: 	: 	63539.844 	70621.155 	: 
A,TOTAL,TER_REGNAT,LOR_LE3P5,MIO_VKM,UK	68303 	72087 	: 	75141 	: 	: 	88932 	80827 	: 	: 
A,TOTAL,TER_REGNAT,MCO,MIO_VKM,BE	: 	132 	141 	120 	111 	: 	: 	: 	: 	: 
A,TOTAL,TER_REGNAT,MCO,MIO_VKM,CZ	: 	: 	: 	: 	: 	: 	: 	: 	: 	14.710 e
A,TOTAL,TER_REGNAT,MCO,MIO_VKM,FR	2040.161 	2041.991 	2051.457 	2104.936 	2062.446 	2064.527 	2058.117 	1383.528 	1660.296 	1914.507 
A,TOTAL,TER_REGNAT,MCO,MIO_VKM,MK	: 	: 	66.448 	39.765 	42.350 	69.085 	79.719 	21.239 	23.615 	24.977 
A,TOTAL,TER_REGNAT,MCO,MIO_VKM,MT	8.360 e	10.920 e	4.830 e	11.390 e	9.060 e	10.040 e	10.480 e	7.300 	4.660 	40.043 
A,TOTAL,TER_REGNAT,MCO,MIO_VKM,NL	195 	188 	191 	192 	200 	203 	195 	77 	72 	77 
A,TOTAL,TER_REGNAT,MCO,MIO_VKM,NO	88 e	96 e	101 e	102 e	103 e	101 e	102 e	: 	62 	82 
A,TOTAL,TER_REGNAT,RDMVEH_OTH,MIO_VKM,CZ	: 	: 	: 	: 	: 	: 	: 	: 	: 	141.902 e
A,TOTAL,TER_REGNAT,RDMVEH_OTH,MIO_VKM,DE	4982 e	4836 e	4620 e	4406 e	4185 e	3988 e	3938 e	4082 e	4600 e	4788 e
A,TOTAL,TER_REGNAT,RDMVEH_OTH,MIO_VKM,FR	21092.300 	21055.844 	21121.610 	21378.614 	21303.517 	21469.185 	21528.433 	17921.867 	18903.558 	19739.534 
A,TOTAL,TER_REGNAT,RDMVEH_OTH,MIO_VKM,HR	: 	3769 	4204 	4709 	4949 	5323 	5377 	5480 	5751 	: 
A,TOTAL,TER_REGNAT,RDMVEH_OTH,MIO_VKM,IE	787 	536 	881 	867 	886 	857 	841 	639 	765 	913 
A,TOTAL,TER_REGNAT,RDMVEH_OTH,MIO_VKM,MT	26.040 e	40.190 e	44.540 e	69.180 e	73.570 e	69.880 e	40.110 e	34.600 	1.990 	33.516 
A,TOTAL,TER_REGNAT,RDMVEH_OTH,MIO_VKM,NL	722 	695 	685 	700 	692 	668 	640 	592 	597 	606 
A,TOTAL,TER_REGNAT,TOTAL,MIO_VKM,CZ	: 	: 	: 	: 	: 	: 	: 	: 	: 	88010.836 e
A,TOTAL,TER_REGNAT,TOTAL,MIO_VKM,DE	705012 e	707803 e	717473 e	727186 e	734269 e	735964 e	738821 e	733014 e	719633 e	709218 e
A,TOTAL,TER_REGNAT,TOTAL,MIO_VKM,EE	: 	9471.600 e	9975.800 e	10387.300 e	10811.300 	11197.100 e	11659.100 e	11251.300 	11568.200 	11696.100 
A,TOTAL,TER_REGNAT,TOTAL,MIO_VKM,FR	571196.285 	576797.385 	584084.835 	593363.583 	603523.030 	603572.526 	606396.128 	503623.857 	546264.499 	591483.791 
A,TOTAL,TER_REGNAT,TOTAL,MIO_VKM,HR	: 	22480 	24136 	26047 	26974 	28237 	27378 	26663 	28202 	: 
A,TOTAL,TER_REGNAT,TOTAL,MIO_VKM,IE	41757 	42447 	45790 	47775 	48754 	47545 	47072 	36237 	41878 	47604 
A,TOTAL,TER_REGNAT,TOTAL,MIO_VKM,IS	: 	: 	: 	: 	1820 	1891 	1969 	1882 	: 	: 
A,TOTAL,TER_REGNAT,TOTAL,MIO_VKM,LV	11298.400 	12035.600 	12779.300 	13099.700 	14039.600 	14293.800 	14419 	13930.800 	12625.900 	12052.100 
A,TOTAL,TER_REGNAT,TOTAL,MIO_VKM,MK	3795.329 	4270.690 	4420.394 	4544.072 	4623.411 	4809.309 	4793.150 	4747.686 	5246.520 	5453.999 
A,TOTAL,TER_REGNAT,TOTAL,MIO_VKM,MT	2438.500 e	: z	2680.820 e	3495.060 e	3539.200 e	3380.080 e	3169.240 e	2438.500 	2853.990 	2918.720 
A,TOTAL,TER_REGNAT,TOTAL,MIO_VKM,NL	145712 	146234 	147857 	151490 	153537 	148873 	150108 	128965 	133618 	134407 
A,TOTAL,TER_REGNAT,TOTAL,MIO_VKM,NO	44717 e	44569 e	44372 e	44890 e	45572 e	46283 e	45850 e	: 	45377 	45629 
A,TOTAL,TER_REGNAT,TOTAL,MIO_VKM,SE	77297 	78465 	80246 	82499 	83734 	84670 	83037 	77979.214 	79368.101 	80495.717 
A,TOTAL,TER_REGNAT,TOTAL,MIO_VKM,SI	: 	: 	20255 p	19989 	20907 	21594 p	22072 	18725 	20097 	21469 p
A,TOTAL,TER_REGNAT,TOTAL,MIO_VKM,TR	: 	: 	: 	: 	: 	306926 	301555 	300614.518 	329591.072 	: 
A,TOTAL,TER_REGNAT,TOTAL,MIO_VKM,UK	486902 	498464 	: 	507223 	: 	: 	571689 	449627 	: 	: 
A,TOTAL,TER_REGNAT,TRC,MIO_VKM,BE	3230 	3286 	3339 	2955 b	3080 	: 	: 	: 	: 	: 
A,TOTAL,TER_REGNAT,TRC,MIO_VKM,BG	: 	1520.100 	1796.300 	2061.600 	: 	: 	: 	1889 	2158.800 	2159.500 
A,TOTAL,TER_REGNAT,TRC,MIO_VKM,CZ	: 	: 	: 	: 	: 	: 	: 	: 	: 	248.421 e
A,TOTAL,TER_REGNAT,TRC,MIO_VKM,DE	19524 e	19795 e	20043 e	20371 e	20752 e	20970 e	20918 e	20281 e	20809 e	21173 e
A,TOTAL,TER_REGNAT,TRC,MIO_VKM,FI	: 	: 	: 	: 	: 	534 	514 	517 	531 	: 
A,TOTAL,TER_REGNAT,TRC,MIO_VKM,FR	16081.576 	15945.872 	16012.434 	16348.411 	16531.574 	16933.330 	17273.827 	16253 	17608.331 	17920.775 
A,TOTAL,TER_REGNAT,TRC,MIO_VKM,IE	1344 	1647 	1598 	1577 	1575 	1485 	1402 	1289 	1253 	1309 
A,TOTAL,TER_REGNAT,TRC,MIO_VKM,LT	1466.200 	1564.900 	1497.400 	1785.800 	2168.600 	2422 	2950.500 	3171.800 	3213.200 	3060.300 
A,TOTAL,TER_REGNAT,TRC,MIO_VKM,LV	: 	991.400 	1071.200 	1146.900 	1250.700 	1290.700 	1258.300 	1234 	1180.300 	1138.200 
A,TOTAL,TER_REGNAT,TRC,MIO_VKM,MT	40.690 e	54.500 e	15.930 	37.120 e	23.510 e	21.630 e	25.730 e	20.700 	22.780 	20.433 
A,TOTAL,TER_REGNAT,TRC,MIO_VKM,NL	6566 	6559 	6618 	6775 	6881 	6781 	6727 	6777 	6872 	6890 
A,TOTAL,TER_REGNAT,TRC,MIO_VKM,NO	594 e	617 e	634 e	642 e	653 e	681 e	694 e	: 	703 	717 
A,TOTAL,TER_REGNAT,TRC,MIO_VKM,PT	2304 	2106 	2102.270 	2273.810 	2141.660 	2113.050 	2047.560 	1572.810 e	2000.590 	2018.720 
A,TOTAL,TER_REGNAT,TRC,MIO_VKM,SE	738 	717 	733 	738 	754 	759 	744 	719.257 	762.798 	788.716 
A,TOTAL,TER_REGNAT,TRC,MIO_VKM,UK	12841 	13112 	: 	13558 	: 	: 	15008 	14500 	: 	: 
